,type,description,support_material,subtype,filler_loading,previous_thickness,mean_thickness,mean_pore_size,pore_volume,specific_surface_area,surface_area,temperature,feed_pressure,permeate_pressure,delta_pressure,feed_flow_rate,sweep_gas,sweep_gas_flow,stage_cut,aging,gas,Py,provided_data_type,in_reference_data_location,reference,url
4,1,1,1,1,0.0,,50.0,1.0733333333333335,,411.0,,308.0,200000.0,1000.0,199000.0,,0,,0.5,0.0,260.0,193.0,permeability,table 2,XIE W et al 2022,https://doi.org/10.1016/j.seppur.2021.120091
5,1,2,1,1,0.0,,50.0,1.0733333333333335,,219.0,,308.0,200000.0,1000.0,199000.0,,0,,0.5,0.0,260.0,133.0,permeability,table 2,XIE W et al 2022,https://doi.org/10.1016/j.seppur.2021.120091
6,1,3,1,1,0.0,,50.0,1.0733333333333335,,63.0,,308.0,200000.0,1000.0,199000.0,,0,,0.5,0.0,260.0,105.0,permeability,table 2,XIE W et al 2022,https://doi.org/10.1016/j.seppur.2021.120091
7,1,4,1,1,0.0,,50.0,1.0733333333333335,,53.0,,308.0,200000.0,1000.0,199000.0,,0,,0.5,0.0,260.0,59.0,permeability,table 2,XIE W et al 2022,https://doi.org/10.1016/j.seppur.2021.120091
8,1,5,1,2,0.0,,50.0,1.0733333333333335,,367.0,,308.0,200000.0,1000.0,199000.0,,0,,0.5,0.0,260.0,157.0,permeability,table 2,XIE W et al 2022,https://doi.org/10.1016/j.seppur.2021.120091
9,1,6,1,2,0.0,,50.0,1.0733333333333335,,83.0,,308.0,200000.0,1000.0,199000.0,,0,,0.5,0.0,260.0,74.0,permeability,table 2,XIE W et al 2022,https://doi.org/10.1016/j.seppur.2021.120091
10,1,7,1,2,0.0,,50.0,1.0966666666666667,,56.0,,308.0,200000.0,1000.0,199000.0,,0,,0.5,0.0,260.0,33.0,permeability,table 2,XIE W et al 2022,https://doi.org/10.1016/j.seppur.2021.120091
11,1,8,1,2,0.0,,50.0,1.0966666666666667,,41.0,,308.0,200000.0,1000.0,199000.0,,0,,0.5,0.0,260.0,11.0,permeability,table 2,XIE W et al 2022,https://doi.org/10.1016/j.seppur.2021.120091
297,1,51,1,4,0.0,,90.0,1.0733333333333335,,685.0,2.14,298.0,,,100000.0,,0,,,0.0,260.0,758.0,permeability,table 1,BERNARDO P et al 2017,http://dx.doi.org/10.1016/j.polymer.2016.10.040
298,1,52,1,4,0.0,,110.0,1.0733333333333335,,759.0,2.14,298.0,,,100000.0,,0,,,0.0,260.0,1706.0,permeability,table 1,BERNARDO P et al 2017,http://dx.doi.org/10.1016/j.polymer.2016.10.040
299,1,52,1,4,0.0,,110.0,1.0733333333333335,,759.0,2.14,298.0,,,100000.0,,0,,,1200.0,260.0,1140.0,permeability,table 1,BERNARDO P et al 2017,http://dx.doi.org/10.1016/j.polymer.2016.10.040
314,1,53,1,4,0.0,,125.4,1.0733333333333335,,759.0,2.14,298.0,,,100000.0,,0,,,2117.0,260.0,1128.0,permeability,table S1,BERNARDO P et al 2017,http://dx.doi.org/10.1016/j.polymer.2016.10.040
357,1,51,1,4,0.0,,90.0,1.0733333333333335,,685.0,2.14,298.0,,,100000.0,,0,,,3.998911,260.0,779.8514,permeability,fig 2,BERNARDO P et al 2017,http://dx.doi.org/10.1016/j.polymer.2016.10.040
358,1,51,1,4,0.0,,90.0,1.0733333333333335,,685.0,2.14,298.0,,,100000.0,,0,,,37.73106,260.0,826.3419,permeability,fig 2,BERNARDO P et al 2017,http://dx.doi.org/10.1016/j.polymer.2016.10.040
359,1,51,1,4,0.0,,90.0,1.0733333333333335,,685.0,2.14,298.0,,,100000.0,,0,,,248.9525,260.0,983.1133,permeability,fig 2,BERNARDO P et al 2017,http://dx.doi.org/10.1016/j.polymer.2016.10.040
360,1,52,1,4,0.0,,110.0,1.0733333333333335,,759.0,2.14,298.0,,,100000.0,,0,,,7.024282,260.0,1494.707,permeability,fig 2,BERNARDO P et al 2017,http://dx.doi.org/10.1016/j.polymer.2016.10.040
361,1,52,1,4,0.0,,110.0,1.0733333333333335,,759.0,2.14,298.0,,,100000.0,,0,,,62.81426,260.0,1377.378,permeability,fig 2,BERNARDO P et al 2017,http://dx.doi.org/10.1016/j.polymer.2016.10.040
362,1,52,1,4,0.0,,110.0,1.0733333333333335,,759.0,2.14,298.0,,,100000.0,,0,,,571.8492,260.0,1218.425,permeability,fig 2,BERNARDO P et al 2017,http://dx.doi.org/10.1016/j.polymer.2016.10.040
363,1,54,1,4,0.0,,110.9054,1.0733333333333335,,759.0,2.14,298.0,,,100000.0,,0,,,2.796417,260.0,1206.038,permeability,fig 2,BERNARDO P et al 2017,http://dx.doi.org/10.1016/j.polymer.2016.10.040
364,1,54,1,4,0.0,,110.9054,1.0733333333333335,,759.0,2.14,298.0,,,100000.0,,0,,,27.59159,260.0,1157.736,permeability,fig 2,BERNARDO P et al 2017,http://dx.doi.org/10.1016/j.polymer.2016.10.040
365,1,54,1,4,0.0,,110.9054,1.0733333333333335,,759.0,2.14,298.0,,,100000.0,,0,,,185.3366,260.0,1096.329,permeability,fig 2,BERNARDO P et al 2017,http://dx.doi.org/10.1016/j.polymer.2016.10.040
366,1,55,1,4,0.0,,132.508,1.0733333333333335,,759.0,2.14,298.0,,,100000.0,,0,,,3.998911,260.0,921.5036,permeability,fig 2,BERNARDO P et al 2017,http://dx.doi.org/10.1016/j.polymer.2016.10.040
367,1,55,1,4,0.0,,132.508,1.0733333333333335,,759.0,2.14,298.0,,,100000.0,,0,,,28.85321,260.0,930.9683,permeability,fig 2,BERNARDO P et al 2017,http://dx.doi.org/10.1016/j.polymer.2016.10.040
368,1,55,1,4,0.0,,132.508,1.0733333333333335,,759.0,2.14,298.0,,,100000.0,,0,,,187.0013,260.0,890.644,permeability,fig 2,BERNARDO P et al 2017,http://dx.doi.org/10.1016/j.polymer.2016.10.040
669,1,76,1,8,0.0,,50.0,1.0966666666666667,,,,308.0,,,500000.0,,0,,,0.0,260.0,23.1,permeability,table 3,AKBARI A et al 2020,https://doi.org/10.1016/j.cep.2020.107804
670,3,88,1,17,5.0,,48.801874999999995,1.12,,,,308.0,,,500000.0,,0,,,0.0,260.0,27.7,permeability,table 3,AKBARI A et al 2020,https://doi.org/10.1016/j.cep.2020.107804
671,3,88,1,17,10.0,,48.801874999999995,1.12,,,,308.0,,,500000.0,,0,,,0.0,260.0,35.2,permeability,table 3,AKBARI A et al 2020,https://doi.org/10.1016/j.cep.2020.107804
672,3,88,1,17,20.0,,48.801874999999995,1.12,,,,308.0,,,500000.0,,0,,,0.0,260.0,49.7,permeability,table 3,AKBARI A et al 2020,https://doi.org/10.1016/j.cep.2020.107804
673,3,88,1,17,30.0,,48.801874999999995,1.12,,,,308.0,,,500000.0,,0,,,0.0,260.0,55.9,permeability,table 3,AKBARI A et al 2020,https://doi.org/10.1016/j.cep.2020.107804
674,3,89,1,17,5.0,,48.801874999999995,1.05,,,,308.0,,,500000.0,,0,,,0.0,260.0,28.1,permeability,table 3,AKBARI A et al 2020,https://doi.org/10.1016/j.cep.2020.107804
675,3,89,1,17,10.0,,48.801874999999995,1.05,,,,308.0,,,500000.0,,0,,,0.0,260.0,38.4,permeability,table 3,AKBARI A et al 2020,https://doi.org/10.1016/j.cep.2020.107804
676,3,89,1,17,20.0,,48.801874999999995,1.05,,,,308.0,,,500000.0,,0,,,0.0,260.0,47.3,permeability,table 3,AKBARI A et al 2020,https://doi.org/10.1016/j.cep.2020.107804
677,3,89,1,17,30.0,,48.801874999999995,1.05,,,,308.0,,,500000.0,,0,,,0.0,260.0,51.8,permeability,table 3,AKBARI A et al 2020,https://doi.org/10.1016/j.cep.2020.107804
678,3,89,1,17,35.0,,48.801874999999995,1.05,,,,308.0,,,500000.0,,0,,,0.0,260.0,55.1,permeability,table 3,AKBARI A et al 2020,https://doi.org/10.1016/j.cep.2020.107804
689,3,89,1,17,30.0,,48.801874999999995,1.05,,,,318.0,,,500000.0,,0,,,0.0,260.0,54.2274052478136,permeability,fig 6a,AKBARI A et al 2020,https://doi.org/10.1016/j.cep.2020.107804
690,3,89,1,17,30.0,,48.801874999999995,1.05,,,,328.0,,,500000.0,,0,,,0.0,260.0,58.1632653061227,permeability,fig 6a,AKBARI A et al 2020,https://doi.org/10.1016/j.cep.2020.107804
691,3,89,1,17,30.0,,48.801874999999995,1.05,,,,338.0,,,500000.0,,0,,,0.0,260.0,66.0349854227409,permeability,fig 6a,AKBARI A et al 2020,https://doi.org/10.1016/j.cep.2020.107804
695,3,88,1,17,20.0,,48.801874999999995,1.12,,,,318.0,,,500000.0,,0,,,0.0,260.0,52.4553571428571,permeability,fig 6b,AKBARI A et al 2020,https://doi.org/10.1016/j.cep.2020.107804
696,3,88,1,17,20.0,,48.801874999999995,1.12,,,,328.0,,,500000.0,,0,,,0.0,260.0,55.0595238095237,permeability,fig 6b,AKBARI A et al 2020,https://doi.org/10.1016/j.cep.2020.107804
697,3,88,1,17,20.0,,48.801874999999995,1.12,,,,338.0,,,500000.0,,0,,,0.0,260.0,58.0357142857143,permeability,fig 6b,AKBARI A et al 2020,https://doi.org/10.1016/j.cep.2020.107804
701,3,89,1,17,30.0,,49.99625,1.05,,,,308.0,,,100000.0,,0,,,0.0,260.0,59.8240469208211,permeability,fig 8a,AKBARI A et al 2020,https://doi.org/10.1016/j.cep.2020.107804
702,3,89,1,17,30.0,,49.99625,1.05,,,,308.0,,,200000.0,,0,,,0.0,260.0,58.9442815249266,permeability,fig 8a,AKBARI A et al 2020,https://doi.org/10.1016/j.cep.2020.107804
703,3,89,1,17,30.0,,49.99625,1.05,,,,308.0,,,300000.0,,0,,,0.0,260.0,58.0645161290322,permeability,fig 8a,AKBARI A et al 2020,https://doi.org/10.1016/j.cep.2020.107804
704,3,89,1,17,30.0,,48.801874999999995,1.05,,,,308.0,,,400000.0,,0,,,0.0,260.0,52.7859237536656,permeability,fig 8a,AKBARI A et al 2020,https://doi.org/10.1016/j.cep.2020.107804
709,3,88,1,17,20.0,,49.99625,1.12,,,,308.0,,,100000.0,,0,,,0.0,260.0,59.9850968703428,permeability,fig 8b,AKBARI A et al 2020,https://doi.org/10.1016/j.cep.2020.107804
710,3,88,1,17,20.0,,49.99625,1.12,,,,308.0,,,200000.0,,0,,,0.0,260.0,60.7302533532042,permeability,fig 8b,AKBARI A et al 2020,https://doi.org/10.1016/j.cep.2020.107804
711,3,88,1,17,20.0,,49.99625,1.12,,,,308.0,,,300000.0,,0,,,0.0,260.0,57.3770491803279,permeability,fig 8b,AKBARI A et al 2020,https://doi.org/10.1016/j.cep.2020.107804
712,3,88,1,17,20.0,,48.801874999999995,1.12,,,,308.0,,,400000.0,,0,,,0.0,260.0,52.9061102831595,permeability,fig 8b,AKBARI A et al 2020,https://doi.org/10.1016/j.cep.2020.107804
12,1,1,1,1,0.0,,50.0,1.0733333333333335,,411.0,,308.0,200000.0,1000.0,199000.0,,0,,0.5,0.0,289.0,238.0,permeability,table 2,XIE W et al 2022,https://doi.org/10.1016/j.seppur.2021.120091
13,1,2,1,1,0.0,,50.0,1.0733333333333335,,219.0,,308.0,200000.0,1000.0,199000.0,,0,,0.5,0.0,289.0,159.0,permeability,table 2,XIE W et al 2022,https://doi.org/10.1016/j.seppur.2021.120091
14,1,3,1,1,0.0,,50.0,1.0733333333333335,,63.0,,308.0,200000.0,1000.0,199000.0,,0,,0.5,0.0,289.0,117.0,permeability,table 2,XIE W et al 2022,https://doi.org/10.1016/j.seppur.2021.120091
15,1,4,1,1,0.0,,50.0,1.0966666666666667,,53.0,,308.0,200000.0,1000.0,199000.0,,0,,0.5,0.0,289.0,55.0,permeability,table 2,XIE W et al 2022,https://doi.org/10.1016/j.seppur.2021.120091
16,1,5,1,2,0.0,,50.0,1.0733333333333335,,367.0,,308.0,200000.0,1000.0,199000.0,,0,,0.5,0.0,289.0,201.0,permeability,table 2,XIE W et al 2022,https://doi.org/10.1016/j.seppur.2021.120091
17,1,6,1,2,0.0,,50.0,1.0733333333333335,,83.0,,308.0,200000.0,1000.0,199000.0,,0,,0.5,0.0,289.0,78.0,permeability,table 2,XIE W et al 2022,https://doi.org/10.1016/j.seppur.2021.120091
18,1,7,1,2,0.0,,50.0,1.0966666666666667,,56.0,,308.0,200000.0,1000.0,199000.0,,0,,0.5,0.0,289.0,30.0,permeability,table 2,XIE W et al 2022,https://doi.org/10.1016/j.seppur.2021.120091
19,1,8,1,2,0.0,,50.0,1.0966666666666667,,41.0,,308.0,200000.0,1000.0,199000.0,,0,,0.5,0.0,289.0,8.4,permeability,table 2,XIE W et al 2022,https://doi.org/10.1016/j.seppur.2021.120091
104,2,21,2,3,0.0,,1.2,0.38,0.27,624.0,,298.0,303000.0,103000.0,200000.0,4.0,0,,,0.0,289.0,16584.7164760642,permeance,fig 7,LI Y et al 2021,https://doi.org/10.1016/j.memsci.2021.119349
294,1,51,1,4,0.0,,90.0,0.38,,685.0,2.14,298.0,,,100000.0,,0,,,0.0,289.0,1740.0,permeability,table 1,BERNARDO P et al 2017,http://dx.doi.org/10.1016/j.polymer.2016.10.040
295,1,52,1,4,0.0,,110.0,0.38,,759.0,2.14,298.0,,,100000.0,,0,,,0.0,289.0,4500.0,permeability,table 1,BERNARDO P et al 2017,http://dx.doi.org/10.1016/j.polymer.2016.10.040
296,1,52,1,4,0.0,,110.0,0.38,,759.0,2.14,298.0,,,100000.0,,0,,,1200.0,289.0,2440.0,permeability,table 1,BERNARDO P et al 2017,http://dx.doi.org/10.1016/j.polymer.2016.10.040
313,1,53,1,4,0.0,,125.4,0.38,,759.0,2.14,298.0,,,100000.0,,0,,,2117.0,289.0,2418.0,permeability,table S1,BERNARDO P et al 2017,http://dx.doi.org/10.1016/j.polymer.2016.10.040
345,1,51,1,4,0.0,,90.0,0.38,,685.0,2.14,298.0,,,100000.0,,0,,,4.006265,289.0,1794.516,permeability,fig 2,BERNARDO P et al 2017,http://dx.doi.org/10.1016/j.polymer.2016.10.040
346,1,51,1,4,0.0,,90.0,0.38,,685.0,2.14,298.0,,,100000.0,,0,,,118.6763,289.0,2088.031,permeability,fig 2,BERNARDO P et al 2017,http://dx.doi.org/10.1016/j.polymer.2016.10.040
347,1,51,1,4,0.0,,90.0,0.38,,685.0,2.14,298.0,,,100000.0,,0,,,248.4868,289.0,2171.911,permeability,fig 2,BERNARDO P et al 2017,http://dx.doi.org/10.1016/j.polymer.2016.10.040
348,1,52,1,4,0.0,,110.0,0.38,,759.0,2.14,298.0,,,100000.0,,0,,,7.004888,289.0,3792.69,permeability,fig 2,BERNARDO P et al 2017,http://dx.doi.org/10.1016/j.polymer.2016.10.040
349,1,52,1,4,0.0,,110.0,0.38,,759.0,2.14,298.0,,,100000.0,,0,,,63.15262,289.0,3269.442,permeability,fig 2,BERNARDO P et al 2017,http://dx.doi.org/10.1016/j.polymer.2016.10.040
350,1,52,1,4,0.0,,110.0,0.38,,759.0,2.14,298.0,,,100000.0,,0,,,346.8306,289.0,2612.795,permeability,fig 2,BERNARDO P et al 2017,http://dx.doi.org/10.1016/j.polymer.2016.10.040
351,1,54,1,4,0.0,,110.9054,0.38,,759.0,2.14,298.0,,,100000.0,,0,,,2.793727,289.0,2967.348,permeability,fig 2,BERNARDO P et al 2017,http://dx.doi.org/10.1016/j.polymer.2016.10.040
352,1,54,1,4,0.0,,110.9054,0.38,,759.0,2.14,298.0,,,100000.0,,0,,,27.56215,289.0,2726.003,permeability,fig 2,BERNARDO P et al 2017,http://dx.doi.org/10.1016/j.polymer.2016.10.040
353,1,54,1,4,0.0,,110.9054,0.38,,759.0,2.14,298.0,,,100000.0,,0,,,186.2339,289.0,2436.925,permeability,fig 2,BERNARDO P et al 2017,http://dx.doi.org/10.1016/j.polymer.2016.10.040
354,1,55,1,4,0.0,,132.508,0.38,,759.0,2.14,298.0,,,100000.0,,0,,,4.006265,289.0,2211.754,permeability,fig 2,BERNARDO P et al 2017,http://dx.doi.org/10.1016/j.polymer.2016.10.040
355,1,55,1,4,0.0,,132.508,0.38,,759.0,2.14,298.0,,,100000.0,,0,,,29.09353,289.0,2171.911,permeability,fig 2,BERNARDO P et al 2017,http://dx.doi.org/10.1016/j.polymer.2016.10.040
356,1,55,1,4,0.0,,132.508,0.38,,759.0,2.14,298.0,,,100000.0,,0,,,189.621,289.0,2038.03,permeability,fig 2,BERNARDO P et al 2017,http://dx.doi.org/10.1016/j.polymer.2016.10.040
722,1,90,6,8,0.0,,,,,,,303.0,,,100000.0,,340,,,0.0,289.0,,permeance,fig 7,MESSAOUD AB et al 2015,http://dx.doi.org/10.1016/j.seppur.2015.04.017
726,3,91,6,18,5.0,,1.0,0.4793333333333333,,,,303.0,,,100000.0,,340,,,0.0,289.0,3.27067284536041,permeance,fig 7,MESSAOUD AB et al 2015,http://dx.doi.org/10.1016/j.seppur.2015.04.017
730,3,91,6,18,10.0,,,,,,,303.0,,,100000.0,,340,,,0.0,289.0,,permeance,fig 7,MESSAOUD AB et al 2015,http://dx.doi.org/10.1016/j.seppur.2015.04.017
756,3,92,1,20,10.0,,15.0,0.394,,,2.01,298.0,,,100000.0,50.0,364,50.0,,0.0,289.0,432.8,permeability,table S3,LI W et al 2022,https://doi.org/10.1016/j.memsci.2021.120021
20,1,1,1,1,0.0,,50.0,1.2,,411.0,,308.0,200000.0,1000.0,199000.0,,0,,0.5,0.0,330.0,191.0,permeability,table 2,XIE W et al 2022,https://doi.org/10.1016/j.seppur.2021.120091
21,1,2,1,1,0.0,,50.0,1.2,,219.0,,308.0,200000.0,1000.0,199000.0,,0,,0.5,0.0,330.0,121.0,permeability,table 2,XIE W et al 2022,https://doi.org/10.1016/j.seppur.2021.120091
22,1,3,1,1,0.0,,50.0,1.2,,63.0,,308.0,200000.0,1000.0,199000.0,,0,,0.5,0.0,330.0,66.0,permeability,table 2,XIE W et al 2022,https://doi.org/10.1016/j.seppur.2021.120091
23,1,4,1,1,0.0,,50.0,1.2,,53.0,,308.0,200000.0,1000.0,199000.0,,0,,0.5,0.0,330.0,25.0,permeability,table 2,XIE W et al 2022,https://doi.org/10.1016/j.seppur.2021.120091
24,1,5,1,2,0.0,,50.0,1.2,,367.0,,308.0,200000.0,1000.0,199000.0,,0,,0.5,0.0,330.0,178.0,permeability,table 2,XIE W et al 2022,https://doi.org/10.1016/j.seppur.2021.120091
25,1,6,1,2,0.0,,50.0,1.2,,83.0,,308.0,200000.0,1000.0,199000.0,,0,,0.5,0.0,330.0,44.0,permeability,table 2,XIE W et al 2022,https://doi.org/10.1016/j.seppur.2021.120091
26,1,7,1,2,0.0,,50.0,1.2,,56.0,,308.0,200000.0,1000.0,199000.0,,0,,0.5,0.0,330.0,13.0,permeability,table 2,XIE W et al 2022,https://doi.org/10.1016/j.seppur.2021.120091
27,1,8,1,2,0.0,,50.0,1.2,,41.0,,308.0,200000.0,1000.0,199000.0,,0,,0.5,0.0,330.0,2.2,permeability,table 2,XIE W et al 2022,https://doi.org/10.1016/j.seppur.2021.120091
105,2,21,2,3,0.0,,1.2,0.38,0.27,624.0,,298.0,303000.0,103000.0,200000.0,4.0,0,,,0.0,330.0,23546.8531750975,permeance,fig 7,LI Y et al 2021,https://doi.org/10.1016/j.memsci.2021.119349
178,1,24,1,4,0.0,,74.2,0.5646666666666665,,,0.79,293.0,120000.0,100000.0,20000.0,,260,,2.0,620.0,330.0,2688.0,permeability,table 1,AMEEN AW et al 2021,https://doi.org/10.1016/j.memsci.2021.119527
180,3,25,1,5,0.5,,72.2,0.5646666666666665,,,0.81,293.0,120000.0,100000.0,20000.0,,260,,2.0,620.0,330.0,3495.0,permeability,table 1,AMEEN AW et al 2021,https://doi.org/10.1016/j.memsci.2021.119527
182,3,25,1,5,0.8,,72.5,0.5646666666666665,,,0.84,293.0,120000.0,100000.0,20000.0,,260,,2.0,620.0,330.0,3331.0,permeability,table 1,AMEEN AW et al 2021,https://doi.org/10.1016/j.memsci.2021.119527
306,1,51,1,4,0.0,,90.0,0.38,,685.0,2.14,298.0,,,100000.0,,0,,,0.0,330.0,4970.0,permeability,table 1,BERNARDO P et al 2017,http://dx.doi.org/10.1016/j.polymer.2016.10.040
307,1,52,1,4,0.0,,110.0,0.38,,759.0,2.14,298.0,,,100000.0,,0,,,0.0,330.0,13300.0,permeability,table 1,BERNARDO P et al 2017,http://dx.doi.org/10.1016/j.polymer.2016.10.040
308,1,52,1,4,0.0,,110.0,0.38,,759.0,2.14,298.0,,,100000.0,,0,,,1200.0,330.0,2840.0,permeability,table 1,BERNARDO P et al 2017,http://dx.doi.org/10.1016/j.polymer.2016.10.040
311,1,53,1,4,0.0,,125.4,0.38,,759.0,2.14,298.0,,,100000.0,,0,,,2117.0,330.0,3317.0,permeability,table S1,BERNARDO P et al 2017,http://dx.doi.org/10.1016/j.polymer.2016.10.040
333,1,51,1,4,0.0,,90.0,0.38,,685.0,2.14,298.0,,,100000.0,,0,,,4.03483,330.0,4187.005,permeability,fig 2,BERNARDO P et al 2017,http://dx.doi.org/10.1016/j.polymer.2016.10.040
334,1,51,1,4,0.0,,90.0,0.38,,685.0,2.14,298.0,,,100000.0,,0,,,38.06997,330.0,3931.191,permeability,fig 2,BERNARDO P et al 2017,http://dx.doi.org/10.1016/j.polymer.2016.10.040
335,1,51,1,4,0.0,,90.0,0.38,,685.0,2.14,298.0,,,100000.0,,0,,,251.1886,330.0,3283.199,permeability,fig 2,BERNARDO P et al 2017,http://dx.doi.org/10.1016/j.polymer.2016.10.040
336,1,52,1,4,0.0,,110.0,0.38,,759.0,2.14,298.0,,,100000.0,,0,,,7.024282,330.0,8427.223,permeability,fig 2,BERNARDO P et al 2017,http://dx.doi.org/10.1016/j.polymer.2016.10.040
337,1,52,1,4,0.0,,110.0,0.38,,759.0,2.14,298.0,,,100000.0,,0,,,63.94775,330.0,5860.396,permeability,fig 2,BERNARDO P et al 2017,http://dx.doi.org/10.1016/j.polymer.2016.10.040
338,1,52,1,4,0.0,,110.0,0.38,,759.0,2.14,298.0,,,100000.0,,0,,,346.5819,330.0,3592.615,permeability,fig 2,BERNARDO P et al 2017,http://dx.doi.org/10.1016/j.polymer.2016.10.040
339,1,54,1,4,0.0,,110.9054,0.38,,759.0,2.14,298.0,,,100000.0,,0,,,2.796417,330.0,7080.521,permeability,fig 2,BERNARDO P et al 2017,http://dx.doi.org/10.1016/j.polymer.2016.10.040
340,1,54,1,4,0.0,,110.9054,0.38,,759.0,2.14,298.0,,,100000.0,,0,,,27.83942,330.0,5469.404,permeability,fig 2,BERNARDO P et al 2017,http://dx.doi.org/10.1016/j.polymer.2016.10.040
341,1,54,1,4,0.0,,110.9054,0.38,,759.0,2.14,298.0,,,100000.0,,0,,,135.5311,330.0,4026.747,permeability,fig 2,BERNARDO P et al 2017,http://dx.doi.org/10.1016/j.polymer.2016.10.040
342,1,55,1,4,0.0,,132.508,0.38,,759.0,2.14,298.0,,,100000.0,,0,,,3.998911,330.0,5949.026,permeability,fig 2,BERNARDO P et al 2017,http://dx.doi.org/10.1016/j.polymer.2016.10.040
343,1,55,1,4,0.0,,132.508,0.38,,759.0,2.14,298.0,,,100000.0,,0,,,29.37387,330.0,5275.877,permeability,fig 2,BERNARDO P et al 2017,http://dx.doi.org/10.1016/j.polymer.2016.10.040
344,1,55,1,4,0.0,,132.508,0.38,,759.0,2.14,298.0,,,100000.0,,0,,,116.4178,330.0,4807.037,permeability,fig 2,BERNARDO P et al 2017,http://dx.doi.org/10.1016/j.polymer.2016.10.040
408,1,27,5,7,0.0,,55.0,1.2,,,,308.0,,,480000.0,,0,,1.0,0.0,330.0,816.303667484013,permeability,fig S5f,BACHMAN et al 2016,https://doi.org/10.1038/nmat4621
409,1,27,5,7,0.0,,55.0,1.2,,,,308.0,,,970000.0,,0,,1.0,0.0,330.0,741.178685940364,permeability,fig S5f,BACHMAN et al 2016,https://doi.org/10.1038/nmat4621
410,1,27,5,7,0.0,,55.0,1.2,,,,308.0,,,1460000.0,,0,,1.0,0.0,330.0,751.976648524515,permeability,fig S5f,BACHMAN et al 2016,https://doi.org/10.1038/nmat4621
411,1,27,5,7,0.0,,55.0,1.2,,,,308.0,,,1940000.0,,0,,1.0,0.0,330.0,814.835048859605,permeability,fig S5f,BACHMAN et al 2016,https://doi.org/10.1038/nmat4621
412,1,27,5,7,0.0,,55.0,1.2,,,,308.0,,,2430000.0,,0,,1.0,0.0,330.0,895.317445560763,permeability,fig S5f,BACHMAN et al 2016,https://doi.org/10.1038/nmat4621
413,1,27,5,7,0.0,,55.0,1.2,,,,308.0,,,2930000.0,,0,,1.0,0.0,330.0,999.260285209386,permeability,fig S5f,BACHMAN et al 2016,https://doi.org/10.1038/nmat4621
414,1,27,5,7,0.0,,55.0,1.2,,,,308.0,,,3400000.0,,0,,1.0,0.0,330.0,1104.18925436742,permeability,fig S5f,BACHMAN et al 2016,https://doi.org/10.1038/nmat4621
415,1,27,5,7,0.0,,55.0,1.2,,,,308.0,,,3900000.0,,0,,1.0,0.0,330.0,1206.46303645809,permeability,fig S5f,BACHMAN et al 2016,https://doi.org/10.1038/nmat4621
416,1,27,5,7,0.0,,55.0,1.2,,,,308.0,,,4390000.0,,0,,1.0,0.0,330.0,1298.18409905158,permeability,fig S5f,BACHMAN et al 2016,https://doi.org/10.1038/nmat4621
417,1,27,5,7,0.0,,55.0,1.2,,,,308.0,,,4870000.0,,0,,1.0,0.0,330.0,1380.39411513563,permeability,fig S5f,BACHMAN et al 2016,https://doi.org/10.1038/nmat4621
418,3,57,5,6,6.0,,55.0,1.2,,,,308.0,,,480000.0,,0,,1.0,0.0,330.0,942.910016241897,permeability,fig S5f,BACHMAN et al 2016,https://doi.org/10.1038/nmat4621
419,3,57,5,6,6.0,,55.0,1.2,,,,308.0,,,970000.0,,0,,1.0,0.0,330.0,880.343475124281,permeability,fig S5f,BACHMAN et al 2016,https://doi.org/10.1038/nmat4621
420,3,57,5,6,6.0,,55.0,1.2,,,,308.0,,,1460000.0,,0,,1.0,0.0,330.0,896.278260622352,permeability,fig S5f,BACHMAN et al 2016,https://doi.org/10.1038/nmat4621
421,3,57,5,6,6.0,,55.0,1.2,,,,308.0,,,1950000.0,,0,,1.0,0.0,330.0,952.935469618973,permeability,fig S5f,BACHMAN et al 2016,https://doi.org/10.1038/nmat4621
422,3,57,5,6,6.0,,55.0,1.2,,,,308.0,,,2450000.0,,0,,1.0,0.0,330.0,1023.84583365153,permeability,fig S5f,BACHMAN et al 2016,https://doi.org/10.1038/nmat4621
423,3,57,5,6,6.0,,55.0,1.2,,,,308.0,,,2920000.0,,0,,1.0,0.0,330.0,1108.63438934928,permeability,fig S5f,BACHMAN et al 2016,https://doi.org/10.1038/nmat4621
424,3,57,5,6,6.0,,55.0,1.2,,,,308.0,,,3420000.0,,0,,1.0,0.0,330.0,1191.78581528024,permeability,fig S5f,BACHMAN et al 2016,https://doi.org/10.1038/nmat4621
425,3,57,5,6,6.0,,55.0,1.2,,,,308.0,,,3900000.0,,0,,1.0,0.0,330.0,1272.82168787944,permeability,fig S5f,BACHMAN et al 2016,https://doi.org/10.1038/nmat4621
426,3,57,5,6,6.0,,55.0,1.2,,,,308.0,,,4390000.0,,0,,1.0,0.0,330.0,1349.88608133148,permeability,fig S5f,BACHMAN et al 2016,https://doi.org/10.1038/nmat4621
427,3,57,5,6,6.0,,55.0,1.2,,,,308.0,,,4870000.0,,0,,1.0,0.0,330.0,1419.6496821153,permeability,fig S5f,BACHMAN et al 2016,https://doi.org/10.1038/nmat4621
428,3,56,5,6,25.0,,55.0,1.2,,,,308.0,,,530000.0,,0,,1.0,0.0,330.0,1153.63853017922,permeability,fig S5f,BACHMAN et al 2016,https://doi.org/10.1038/nmat4621
429,3,56,5,6,25.0,,55.0,1.2,,,,308.0,,,1050000.0,,0,,1.0,0.0,330.0,1066.24206927226,permeability,fig S5f,BACHMAN et al 2016,https://doi.org/10.1038/nmat4621
430,3,56,5,6,25.0,,55.0,1.2,,,,308.0,,,1510000.0,,0,,1.0,0.0,330.0,1041.47409222834,permeability,fig S5f,BACHMAN et al 2016,https://doi.org/10.1038/nmat4621
431,3,56,5,6,25.0,,55.0,1.2,,,,308.0,,,2020000.0,,0,,1.0,0.0,330.0,1045.79619783089,permeability,fig S5f,BACHMAN et al 2016,https://doi.org/10.1038/nmat4621
432,3,56,5,6,25.0,,55.0,1.2,,,,308.0,,,2470000.0,,0,,1.0,0.0,330.0,1093.2883721423,permeability,fig S5f,BACHMAN et al 2016,https://doi.org/10.1038/nmat4621
433,3,56,5,6,25.0,,55.0,1.2,,,,308.0,,,3000000.0,,0,,1.0,0.0,330.0,1183.12692528431,permeability,fig S5f,BACHMAN et al 2016,https://doi.org/10.1038/nmat4621
434,3,56,5,6,25.0,,55.0,1.2,,,,308.0,,,3500000.0,,0,,1.0,0.0,330.0,1282.15259355065,permeability,fig S5f,BACHMAN et al 2016,https://doi.org/10.1038/nmat4621
435,3,56,5,6,25.0,,55.0,1.2,,,,308.0,,,3970000.0,,0,,1.0,0.0,330.0,1395.76219205953,permeability,fig S5f,BACHMAN et al 2016,https://doi.org/10.1038/nmat4621
436,3,56,5,6,25.0,,55.0,1.2,,,,308.0,,,4460000.0,,0,,1.0,0.0,330.0,1496.07370981985,permeability,fig S5f,BACHMAN et al 2016,https://doi.org/10.1038/nmat4621
437,3,56,5,6,25.0,,55.0,1.2,,,,308.0,,,4950000.0,,0,,1.0,0.0,330.0,1587.5051254332,permeability,fig S5f,BACHMAN et al 2016,https://doi.org/10.1038/nmat4621
532,1,58,1,10,0.0,,60.0,0.38,,,,298.0,500000.0,100000.0,400000.0,,0,,,0.0,330.0,57.3,permeability,table 3,EBADI R et al 2021,https://doi.org/10.1016/j.jngse.2021.103947
533,3,60,1,12,5.0,,54.485,0.38,,,,298.0,500000.0,100000.0,400000.0,,0,,,0.0,330.0,88.09,permeability,table 3,EBADI R et al 2021,https://doi.org/10.1016/j.jngse.2021.103947
534,3,61,1,12,10.0,,35.93,0.38,,,,298.0,500000.0,100000.0,400000.0,,0,,,0.0,330.0,116.11,permeability,table 3,EBADI R et al 2021,https://doi.org/10.1016/j.jngse.2021.103947
535,3,62,1,12,15.0,,45.485,0.38,,,,298.0,500000.0,100000.0,400000.0,,0,,,0.0,330.0,124.19,permeability,table 3,EBADI R et al 2021,https://doi.org/10.1016/j.jngse.2021.103947
540,1,58,1,10,0.0,,60.0,0.38,,,,298.0,300000.0,100000.0,200000.0,,0,,,0.0,330.0,45.8210645526613,permeability,fig 13a,EBADI R et al 2021,https://doi.org/10.1016/j.jngse.2021.103947
541,3,60,1,12,5.0,,54.485,0.38,,,,298.0,300000.0,100000.0,200000.0,,0,,,0.0,330.0,53.1143827859569,permeability,fig 13a,EBADI R et al 2021,https://doi.org/10.1016/j.jngse.2021.103947
542,3,61,1,12,10.0,,35.93,0.38,,,,298.0,300000.0,100000.0,200000.0,,0,,,0.0,330.0,71.6647791619478,permeability,fig 13a,EBADI R et al 2021,https://doi.org/10.1016/j.jngse.2021.103947
543,3,62,1,12,15.0,,45.485,0.38,,,,298.0,300000.0,100000.0,200000.0,,0,,,0.0,330.0,75.9456398640996,permeability,fig 13a,EBADI R et al 2021,https://doi.org/10.1016/j.jngse.2021.103947
548,1,58,1,10,0.0,,70.3135,0.38,,,,298.0,700000.0,100000.0,600000.0,,0,,,0.0,330.0,80.7021517553794,permeability,fig 13a,EBADI R et al 2021,https://doi.org/10.1016/j.jngse.2021.103947
549,3,60,1,12,5.0,,54.485,0.38,,,,298.0,700000.0,100000.0,600000.0,,0,,,0.0,330.0,97.5084937712344,permeability,fig 13a,EBADI R et al 2021,https://doi.org/10.1016/j.jngse.2021.103947
550,3,61,1,12,10.0,,35.93,0.38,,,,298.0,700000.0,100000.0,600000.0,,0,,,0.0,330.0,129.377123442808,permeability,fig 13a,EBADI R et al 2021,https://doi.org/10.1016/j.jngse.2021.103947
551,3,62,1,12,15.0,,45.485,0.38,,,,298.0,700000.0,100000.0,600000.0,,0,,,0.0,330.0,138.41449603624,permeability,fig 13a,EBADI R et al 2021,https://doi.org/10.1016/j.jngse.2021.103947
574,1,76,1,8,0.0,,46.8,0.6499999999999999,,,,298.0,1000000.0,0.0,1000000.0,1000.0,340,,,0.0,330.0,7.225352,permeability,fig 9,TARIQ AR et al 2020,https://doi.org/10.1016/j.arabjc.2020.10.021
575,3,77,1,17,10.0,,24.125,0.6499999999999999,,,,298.0,1000000.0,0.0,1000000.0,1000.0,340,,,0.0,330.0,13.1831,permeability,fig 9,TARIQ AR et al 2020,https://doi.org/10.1016/j.arabjc.2020.10.021
576,3,77,1,17,20.0,,24.125,0.6499999999999999,,,,298.0,1000000.0,0.0,1000000.0,1000.0,340,,,0.0,330.0,18.33803,permeability,fig 9,TARIQ AR et al 2020,https://doi.org/10.1016/j.arabjc.2020.10.021
577,3,77,1,17,30.0,,24.125,0.6499999999999999,,,,298.0,1000000.0,0.0,1000000.0,1000.0,340,,,0.0,330.0,25.85915,permeability,fig 9,TARIQ AR et al 2020,https://doi.org/10.1016/j.arabjc.2020.10.021
582,1,76,1,8,0.0,,30.75,0.6499999999999999,,,,308.0,1000000.0,0.0,1000000.0,1000.0,340,,,0.0,330.0,7.909836066,permeability,fig 14 and 15,TARIQ AR et al 2020,https://doi.org/10.1016/j.arabjc.2020.10.021
583,1,76,1,8,0.0,,30.75,0.6499999999999999,,,,318.0,1000000.0,0.0,1000000.0,1000.0,340,,,0.0,330.0,9.754098361,permeability,fig 14 and 15,TARIQ AR et al 2020,https://doi.org/10.1016/j.arabjc.2020.10.021
584,1,76,1,8,0.0,,30.75,0.6499999999999999,,,,328.0,1000000.0,0.0,1000000.0,1000.0,340,,,0.0,330.0,11.2295082,permeability,fig 14 and 15,TARIQ AR et al 2020,https://doi.org/10.1016/j.arabjc.2020.10.021
585,1,76,1,8,0.0,,30.75,0.6499999999999999,,,,338.0,1000000.0,0.0,1000000.0,1000.0,340,,,0.0,330.0,12.82786885,permeability,fig 14 and 15,TARIQ AR et al 2020,https://doi.org/10.1016/j.arabjc.2020.10.021
590,3,77,1,17,10.0,,24.125,0.6499999999999999,,,,308.0,1000000.0,0.0,1000000.0,1000.0,340,,,0.0,330.0,13.97540984,permeability,fig 14 and 15,TARIQ AR et al 2020,https://doi.org/10.1016/j.arabjc.2020.10.021
591,3,77,1,17,10.0,,24.125,0.6499999999999999,,,,318.0,1000000.0,0.0,1000000.0,1000.0,340,,,0.0,330.0,15.94262295,permeability,fig 14 and 15,TARIQ AR et al 2020,https://doi.org/10.1016/j.arabjc.2020.10.021
592,3,77,1,17,10.0,,24.125,0.6499999999999999,,,,328.0,1000000.0,0.0,1000000.0,1000.0,340,,,0.0,330.0,18.68852459,permeability,fig 14 and 15,TARIQ AR et al 2020,https://doi.org/10.1016/j.arabjc.2020.10.021
593,3,77,1,17,10.0,,24.125,0.6499999999999999,,,,338.0,1000000.0,0.0,1000000.0,1000.0,340,,,0.0,330.0,20.45081967,permeability,fig 14 and 15,TARIQ AR et al 2020,https://doi.org/10.1016/j.arabjc.2020.10.021
607,1,80,1,8,0.0,,50.0,0.6533333333333333,,,,303.0,,,690000.0,,0,,,0.0,330.0,143.9,permeability,table 4,AHMAD MZ et al 2021 / QIU W et al 2013,https://doi.org/10.1016/j.seppur.2020.117582
609,1,80,1,8,0.0,,50.0,0.38,,,,303.0,,,100000.0,,0,,,0.0,330.0,134.0,permeability,table 4,AHMAD MZ et al 2021 / PARK S et al 2014,https://doi.org/10.1016/j.seppur.2020.117582
611,3,81,1,19,10.0,,46.47125,0.38,,,,303.0,,,100000.0,,0,,,0.0,330.0,202.1,permeability,table 4,AHMAD MZ et al 2021 / PARK S et al 2014,https://doi.org/10.1016/j.seppur.2020.117582
613,3,81,1,19,20.0,,46.47125,0.38,,,,303.0,,,100000.0,,0,,,0.0,330.0,365.0,permeability,table 4,AHMAD MZ et al 2021 / PARK S et al 2014,https://doi.org/10.1016/j.seppur.2020.117582
723,1,90,6,8,0.0,,,,,,,303.0,,,100000.0,,340,,,0.0,330.0,,permeance,fig 7,MESSAOUD AB et al 2015,http://dx.doi.org/10.1016/j.seppur.2015.04.017
727,3,91,6,18,5.0,,1.0,0.5646666666666665,,,,303.0,,,100000.0,,340,,,0.0,330.0,1.2530558794349,permeance,fig 7,MESSAOUD AB et al 2015,http://dx.doi.org/10.1016/j.seppur.2015.04.017
731,3,91,6,18,10.0,,,,,,,303.0,,,100000.0,,340,,,0.0,330.0,,permeance,fig 7,MESSAOUD AB et al 2015,http://dx.doi.org/10.1016/j.seppur.2015.04.017
758,3,92,1,20,10.0,,15.0,0.394,,,2.01,298.0,,,100000.0,50.0,364,50.0,,0.0,330.0,10.4784079131195,permeability,fig 8,LI W et al 2022,https://doi.org/10.1016/j.memsci.2021.120021
28,1,1,1,1,0.0,,50.0,1.2,,411.0,,308.0,200000.0,1000.0,199000.0,,0,,0.5,0.0,346.0,37.0,permeability,table 2,XIE W et al 2022,https://doi.org/10.1016/j.seppur.2021.120091
29,1,2,1,1,0.0,,50.0,1.2,,219.0,,308.0,200000.0,1000.0,199000.0,,0,,0.5,0.0,346.0,22.0,permeability,table 2,XIE W et al 2022,https://doi.org/10.1016/j.seppur.2021.120091
30,1,3,1,1,0.0,,50.0,1.2,,63.0,,308.0,200000.0,1000.0,199000.0,,0,,0.5,0.0,346.0,14.0,permeability,table 2,XIE W et al 2022,https://doi.org/10.1016/j.seppur.2021.120091
31,1,4,1,1,0.0,,50.0,1.2,,53.0,,308.0,200000.0,1000.0,199000.0,,0,,0.5,0.0,346.0,4.8,permeability,table 2,XIE W et al 2022,https://doi.org/10.1016/j.seppur.2021.120091
32,1,5,1,2,0.0,,50.0,1.2,,367.0,,308.0,200000.0,1000.0,199000.0,,0,,0.5,0.0,346.0,35.0,permeability,table 2,XIE W et al 2022,https://doi.org/10.1016/j.seppur.2021.120091
33,1,6,1,2,0.0,,50.0,1.2,,83.0,,308.0,200000.0,1000.0,199000.0,,0,,0.5,0.0,346.0,8.5,permeability,table 2,XIE W et al 2022,https://doi.org/10.1016/j.seppur.2021.120091
34,1,7,1,2,0.0,,50.0,1.2,,56.0,,308.0,200000.0,1000.0,199000.0,,0,,0.5,0.0,346.0,2.6,permeability,table 2,XIE W et al 2022,https://doi.org/10.1016/j.seppur.2021.120091
35,1,8,1,2,0.0,,50.0,1.2,,41.0,,308.0,200000.0,1000.0,199000.0,,0,,0.5,0.0,346.0,0.46,permeability,table 2,XIE W et al 2022,https://doi.org/10.1016/j.seppur.2021.120091
300,1,51,1,4,0.0,,90.0,0.38,,685.0,2.14,298.0,,,100000.0,,0,,,0.0,346.0,742.0,permeability,table 1,BERNARDO P et al 2017,http://dx.doi.org/10.1016/j.polymer.2016.10.040
301,1,52,1,4,0.0,,110.0,0.38,,759.0,2.14,298.0,,,100000.0,,0,,,0.0,346.0,2200.0,permeability,table 1,BERNARDO P et al 2017,http://dx.doi.org/10.1016/j.polymer.2016.10.040
302,1,52,1,4,0.0,,110.0,0.38,,759.0,2.14,298.0,,,100000.0,,0,,,1200.0,346.0,600.0,permeability,table 1,BERNARDO P et al 2017,http://dx.doi.org/10.1016/j.polymer.2016.10.040
310,1,53,1,4,0.0,,125.4,0.38,,759.0,2.14,298.0,,,100000.0,,0,,,2117.0,346.0,665.0,permeability,table S1,BERNARDO P et al 2017,http://dx.doi.org/10.1016/j.polymer.2016.10.040
381,1,51,1,4,0.0,,90.0,0.38,,685.0,2.14,298.0,,,100000.0,,0,,,4.03483,346.0,684.4334,permeability,fig 2,BERNARDO P et al 2017,http://dx.doi.org/10.1016/j.polymer.2016.10.040
382,1,51,1,4,0.0,,90.0,0.38,,685.0,2.14,298.0,,,100000.0,,0,,,37.73106,346.0,676.9041,permeability,fig 2,BERNARDO P et al 2017,http://dx.doi.org/10.1016/j.polymer.2016.10.040
383,1,51,1,4,0.0,,90.0,0.38,,685.0,2.14,298.0,,,100000.0,,0,,,248.9525,346.0,629.6693,permeability,fig 2,BERNARDO P et al 2017,http://dx.doi.org/10.1016/j.polymer.2016.10.040
384,1,52,1,4,0.0,,110.0,0.38,,759.0,2.14,298.0,,,100000.0,,0,,,7.024282,346.0,1589.161,permeability,fig 2,BERNARDO P et al 2017,http://dx.doi.org/10.1016/j.polymer.2016.10.040
385,1,52,1,4,0.0,,110.0,0.38,,759.0,2.14,298.0,,,100000.0,,0,,,63.37847,346.0,1121.251,permeability,fig 2,BERNARDO P et al 2017,http://dx.doi.org/10.1016/j.polymer.2016.10.040
386,1,52,1,4,0.0,,110.0,0.38,,759.0,2.14,298.0,,,100000.0,,0,,,576.9857,346.0,697.3034,permeability,fig 2,BERNARDO P et al 2017,http://dx.doi.org/10.1016/j.polymer.2016.10.040
387,1,54,1,4,0.0,,110.9054,0.38,,759.0,2.14,298.0,,,100000.0,,0,,,2.796417,346.0,1173.449,permeability,fig 2,BERNARDO P et al 2017,http://dx.doi.org/10.1016/j.polymer.2016.10.040
388,1,54,1,4,0.0,,110.9054,0.38,,759.0,2.14,298.0,,,100000.0,,0,,,27.59159,346.0,968.5745,permeability,fig 2,BERNARDO P et al 2017,http://dx.doi.org/10.1016/j.polymer.2016.10.040
389,1,54,1,4,0.0,,110.9054,0.38,,759.0,2.14,298.0,,,100000.0,,0,,,133.1287,346.0,757.2046,permeability,fig 2,BERNARDO P et al 2017,http://dx.doi.org/10.1016/j.polymer.2016.10.040
390,1,55,1,4,0.0,,132.508,0.38,,759.0,2.14,298.0,,,100000.0,,0,,,3.998911,346.0,877.9722,permeability,fig 2,BERNARDO P et al 2017,http://dx.doi.org/10.1016/j.polymer.2016.10.040
391,1,55,1,4,0.0,,132.508,0.38,,759.0,2.14,298.0,,,100000.0,,0,,,29.11238,346.0,850.8013,permeability,fig 2,BERNARDO P et al 2017,http://dx.doi.org/10.1016/j.polymer.2016.10.040
392,1,55,1,4,0.0,,132.508,0.38,,759.0,2.14,298.0,,,100000.0,,0,,,188.681,346.0,741.7683,permeability,fig 2,BERNARDO P et al 2017,http://dx.doi.org/10.1016/j.polymer.2016.10.040
36,1,1,1,1,0.0,,50.0,1.2,,411.0,,308.0,200000.0,1000.0,199000.0,,0,,0.5,0.0,364.0,9.0,permeability,table 2,XIE W et al 2022,https://doi.org/10.1016/j.seppur.2021.120091
37,1,2,1,1,0.0,,50.0,1.2,,219.0,,308.0,200000.0,1000.0,199000.0,,0,,0.5,0.0,364.0,5.0,permeability,table 2,XIE W et al 2022,https://doi.org/10.1016/j.seppur.2021.120091
38,1,3,1,1,0.0,,50.0,1.2,,63.0,,308.0,200000.0,1000.0,199000.0,,0,,0.5,0.0,364.0,2.8,permeability,table 2,XIE W et al 2022,https://doi.org/10.1016/j.seppur.2021.120091
39,1,4,1,1,0.0,,50.0,1.2,,53.0,,308.0,200000.0,1000.0,199000.0,,0,,0.5,0.0,364.0,0.9,permeability,table 2,XIE W et al 2022,https://doi.org/10.1016/j.seppur.2021.120091
40,1,5,1,2,0.0,,50.0,1.2,,367.0,,308.0,200000.0,1000.0,199000.0,,0,,0.5,0.0,364.0,7.8,permeability,table 2,XIE W et al 2022,https://doi.org/10.1016/j.seppur.2021.120091
41,1,6,1,2,0.0,,50.0,1.2,,83.0,,308.0,200000.0,1000.0,199000.0,,0,,0.5,0.0,364.0,1.5,permeability,table 2,XIE W et al 2022,https://doi.org/10.1016/j.seppur.2021.120091
42,1,7,1,2,0.0,,50.0,1.2,,56.0,,308.0,200000.0,1000.0,199000.0,,0,,0.5,0.0,364.0,0.4,permeability,table 2,XIE W et al 2022,https://doi.org/10.1016/j.seppur.2021.120091
43,1,8,1,2,0.0,,50.0,1.2,,41.0,,308.0,200000.0,1000.0,199000.0,,0,,0.5,0.0,364.0,0.06,permeability,table 2,XIE W et al 2022,https://doi.org/10.1016/j.seppur.2021.120091
108,2,21,2,3,0.0,,1.2,0.38,0.27,624.0,,298.0,303000.0,103000.0,200000.0,4.0,0,,,0.0,364.0,3251.95274411765,permeance,fig 8a,LI Y et al 2021,https://doi.org/10.1016/j.memsci.2021.119349
109,2,21,2,3,0.0,,1.2,0.38,0.27,624.0,,323.0,303000.0,103000.0,200000.0,4.0,0,,,0.0,364.0,2276.36692088235,permeance,fig 8a,LI Y et al 2021,https://doi.org/10.1016/j.memsci.2021.119349
110,2,21,2,3,0.0,,1.2,0.38,0.27,624.0,,348.0,303000.0,103000.0,200000.0,4.0,0,,,0.0,364.0,1819.33572441176,permeance,fig 8a,LI Y et al 2021,https://doi.org/10.1016/j.memsci.2021.119349
111,2,21,2,3,0.0,,1.2,0.38,0.27,624.0,,373.0,303000.0,103000.0,200000.0,4.0,0,,,0.0,364.0,1476.56232705882,permeance,fig 8a,LI Y et al 2021,https://doi.org/10.1016/j.memsci.2021.119349
112,2,21,2,3,0.0,,1.2,0.38,0.27,624.0,,398.0,303000.0,103000.0,200000.0,4.0,0,,,0.0,364.0,1190.91782926471,permeance,fig 8a,LI Y et al 2021,https://doi.org/10.1016/j.memsci.2021.119349
118,2,21,2,3,0.0,,1.2,0.38,0.27,624.0,,298.0,503000.0,103000.0,400000.0,4.0,0,,,0.0,364.0,2818.67576783784,permeance,fig 8b,LI Y et al 2021,https://doi.org/10.1016/j.memsci.2021.119349
119,2,21,2,3,0.0,,1.2,0.38,0.27,624.0,,298.0,703000.0,103000.0,600000.0,4.0,0,,,0.0,364.0,2798.48468067567,permeance,fig 8b,LI Y et al 2021,https://doi.org/10.1016/j.memsci.2021.119349
120,2,21,2,3,0.0,,1.2,0.38,0.27,624.0,,298.0,903000.0,103000.0,800000.0,4.0,0,,,0.0,364.0,2766.17894121621,permeance,fig 8b,LI Y et al 2021,https://doi.org/10.1016/j.memsci.2021.119349
121,2,21,2,3,0.0,,1.2,0.38,0.27,624.0,,298.0,1103000.0,103000.0,1000000.0,4.0,0,,,0.0,364.0,2725.79676689189,permeance,fig 8b,LI Y et al 2021,https://doi.org/10.1016/j.memsci.2021.119349
291,1,51,1,4,0.0,,90.0,0.38,,685.0,2.14,298.0,,,100000.0,,0,,,0.0,364.0,280.0,permeability,table 1,BERNARDO P et al 2017,http://dx.doi.org/10.1016/j.polymer.2016.10.040
292,1,52,1,4,0.0,,110.0,0.38,,759.0,2.14,298.0,,,100000.0,,0,,,0.0,364.0,857.0,permeability,table 1,BERNARDO P et al 2017,http://dx.doi.org/10.1016/j.polymer.2016.10.040
293,1,52,1,4,0.0,,110.0,0.38,,759.0,2.14,298.0,,,100000.0,,0,,,1200.0,364.0,125.0,permeability,table 1,BERNARDO P et al 2017,http://dx.doi.org/10.1016/j.polymer.2016.10.040
309,1,53,1,4,0.0,,125.4,0.38,,759.0,2.14,298.0,,,100000.0,,0,,,2117.0,364.0,148.0,permeability,table S1,BERNARDO P et al 2017,http://dx.doi.org/10.1016/j.polymer.2016.10.040
369,1,51,1,4,0.0,,90.0,0.38,,685.0,2.14,298.0,,,100000.0,,0,,,4.015134,364.0,198.7099,permeability,fig 2,BERNARDO P et al 2017,http://dx.doi.org/10.1016/j.polymer.2016.10.040
370,1,51,1,4,0.0,,90.0,0.38,,685.0,2.14,298.0,,,100000.0,,0,,,37.79288,364.0,186.2214,permeability,fig 2,BERNARDO P et al 2017,http://dx.doi.org/10.1016/j.polymer.2016.10.040
371,1,51,1,4,0.0,,90.0,0.38,,685.0,2.14,298.0,,,100000.0,,0,,,248.4999,364.0,144.623,permeability,fig 2,BERNARDO P et al 2017,http://dx.doi.org/10.1016/j.polymer.2016.10.040
372,1,52,1,4,0.0,,110.0,0.38,,759.0,2.14,298.0,,,100000.0,,0,,,7.001323,364.0,506.6963,permeability,fig 2,BERNARDO P et al 2017,http://dx.doi.org/10.1016/j.polymer.2016.10.040
373,1,52,1,4,0.0,,110.0,0.38,,759.0,2.14,298.0,,,100000.0,,0,,,63.01091,364.0,285.4234,permeability,fig 2,BERNARDO P et al 2017,http://dx.doi.org/10.1016/j.polymer.2016.10.040
374,1,52,1,4,0.0,,110.0,0.38,,759.0,2.14,298.0,,,100000.0,,0,,,346.2863,364.0,162.992,permeability,fig 2,BERNARDO P et al 2017,http://dx.doi.org/10.1016/j.polymer.2016.10.040
375,1,54,1,4,0.0,,110.9054,0.38,,759.0,2.14,298.0,,,100000.0,,0,,,2.779788,364.0,440.4706,permeability,fig 2,BERNARDO P et al 2017,http://dx.doi.org/10.1016/j.polymer.2016.10.040
376,1,54,1,4,0.0,,110.9054,0.38,,759.0,2.14,298.0,,,100000.0,,0,,,64.1513,364.0,215.6889,permeability,fig 2,BERNARDO P et al 2017,http://dx.doi.org/10.1016/j.polymer.2016.10.040
377,1,54,1,4,0.0,,110.9054,0.38,,759.0,2.14,298.0,,,100000.0,,0,,,186.5054,364.0,170.977,permeability,fig 2,BERNARDO P et al 2017,http://dx.doi.org/10.1016/j.polymer.2016.10.040
378,1,55,1,4,0.0,,132.508,0.38,,759.0,2.14,298.0,,,100000.0,,0,,,4.015134,364.0,318.3958,permeability,fig 2,BERNARDO P et al 2017,http://dx.doi.org/10.1016/j.polymer.2016.10.040
379,1,55,1,4,0.0,,132.508,0.38,,759.0,2.14,298.0,,,100000.0,,0,,,64.1513,364.0,242.2551,permeability,fig 2,BERNARDO P et al 2017,http://dx.doi.org/10.1016/j.polymer.2016.10.040
380,1,55,1,4,0.0,,132.508,0.38,,759.0,2.14,298.0,,,100000.0,,0,,,188.1855,364.0,212.0359,permeability,fig 2,BERNARDO P et al 2017,http://dx.doi.org/10.1016/j.polymer.2016.10.040
438,1,27,5,7,0.0,,55.0,1.2,,,,308.0,,,90000.0,,0,,1.0,0.0,364.0,64.9623635008465,permeability,fig S5a,BACHMAN et al 2016,https://doi.org/10.1038/nmat4621
439,1,27,5,7,0.0,,55.0,1.2,,,,308.0,,,470000.0,,0,,1.0,0.0,364.0,62.2607391950835,permeability,fig S5a,BACHMAN et al 2016,https://doi.org/10.1038/nmat4621
440,1,27,5,7,0.0,,55.0,1.2,,,,308.0,,,960000.0,,0,,1.0,0.0,364.0,59.1709482352197,permeability,fig S5a,BACHMAN et al 2016,https://doi.org/10.1038/nmat4621
441,1,27,5,7,0.0,,55.0,1.2,,,,308.0,,,1450000.0,,0,,1.0,0.0,364.0,57.1810550952797,permeability,fig S5a,BACHMAN et al 2016,https://doi.org/10.1038/nmat4621
442,1,27,5,7,0.0,,55.0,1.2,,,,308.0,,,1950000.0,,0,,1.0,0.0,364.0,55.9461297710459,permeability,fig S5a,BACHMAN et al 2016,https://doi.org/10.1038/nmat4621
443,1,27,5,7,0.0,,55.0,1.2,,,,308.0,,,2430000.0,,0,,1.0,0.0,364.0,54.4444840061681,permeability,fig S5a,BACHMAN et al 2016,https://doi.org/10.1038/nmat4621
444,1,27,5,7,0.0,,55.0,1.2,,,,308.0,,,2910000.0,,0,,1.0,0.0,364.0,53.7657532727803,permeability,fig S5a,BACHMAN et al 2016,https://doi.org/10.1038/nmat4621
445,1,27,5,7,0.0,,55.0,1.2,,,,308.0,,,3410000.0,,0,,1.0,0.0,364.0,52.7804369204784,permeability,fig S5a,BACHMAN et al 2016,https://doi.org/10.1038/nmat4621
446,1,27,5,7,0.0,,55.0,1.2,,,,308.0,,,3890000.0,,0,,1.0,0.0,364.0,51.9225915100208,permeability,fig S5a,BACHMAN et al 2016,https://doi.org/10.1038/nmat4621
447,1,27,5,7,0.0,,55.0,1.2,,,,308.0,,,4320000.0,,0,,1.0,0.0,364.0,51.272400266865,permeability,fig S5a,BACHMAN et al 2016,https://doi.org/10.1038/nmat4621
448,1,27,5,7,0.0,,55.0,1.2,,,,308.0,,,4880000.0,,0,,1.0,0.0,364.0,49.9658174965865,permeability,fig S5a,BACHMAN et al 2016,https://doi.org/10.1038/nmat4621
449,1,27,5,7,0.0,,55.0,1.2,,,,308.0,,,5360000.0,,0,,1.0,0.0,364.0,49.3401488292293,permeability,fig S5a,BACHMAN et al 2016,https://doi.org/10.1038/nmat4621
450,1,27,5,7,0.0,,55.0,1.2,,,,308.0,,,5860000.0,,0,,1.0,0.0,364.0,48.8885303500352,permeability,fig S5a,BACHMAN et al 2016,https://doi.org/10.1038/nmat4621
451,1,27,5,7,0.0,,55.0,1.2,,,,308.0,,,6330000.0,,0,,1.0,0.0,364.0,47.9388031840728,permeability,fig S5a,BACHMAN et al 2016,https://doi.org/10.1038/nmat4621
452,3,57,5,6,6.0,,55.0,1.2,,,,308.0,,,100000.0,,0,,1.0,0.0,364.0,75.6143928214666,permeability,fig S5d,BACHMAN et al 2016,https://doi.org/10.1038/nmat4621
453,3,57,5,6,6.0,,55.0,1.2,,,,308.0,,,480000.0,,0,,1.0,0.0,364.0,70.410485785486,permeability,fig S5d,BACHMAN et al 2016,https://doi.org/10.1038/nmat4621
454,3,57,5,6,6.0,,55.0,1.2,,,,308.0,,,970000.0,,0,,1.0,0.0,364.0,67.3975901815168,permeability,fig S5d,BACHMAN et al 2016,https://doi.org/10.1038/nmat4621
455,3,57,5,6,6.0,,55.0,1.2,,,,308.0,,,1460000.0,,0,,1.0,0.0,364.0,65.717091685394,permeability,fig S5d,BACHMAN et al 2016,https://doi.org/10.1038/nmat4621
456,3,57,5,6,6.0,,55.0,1.2,,,,308.0,,,1940000.0,,0,,1.0,0.0,364.0,64.5444823381227,permeability,fig S5d,BACHMAN et al 2016,https://doi.org/10.1038/nmat4621
457,3,57,5,6,6.0,,55.0,1.2,,,,308.0,,,2440000.0,,0,,1.0,0.0,364.0,62.7497361574255,permeability,fig S5d,BACHMAN et al 2016,https://doi.org/10.1038/nmat4621
458,3,57,5,6,6.0,,55.0,1.2,,,,308.0,,,2930000.0,,0,,1.0,0.0,364.0,59.2725414835898,permeability,fig S5d,BACHMAN et al 2016,https://doi.org/10.1038/nmat4621
459,3,57,5,6,6.0,,55.0,1.2,,,,308.0,,,3420000.0,,0,,1.0,0.0,364.0,60.5571095152746,permeability,fig S5d,BACHMAN et al 2016,https://doi.org/10.1038/nmat4621
460,3,57,5,6,6.0,,55.0,1.2,,,,308.0,,,3960000.0,,0,,1.0,0.0,364.0,59.483843891373,permeability,fig S5d,BACHMAN et al 2016,https://doi.org/10.1038/nmat4621
461,3,57,5,6,6.0,,55.0,1.2,,,,308.0,,,4410000.0,,0,,1.0,0.0,364.0,59.0734415747587,permeability,fig S5d,BACHMAN et al 2016,https://doi.org/10.1038/nmat4621
462,3,57,5,6,6.0,,55.0,1.2,,,,308.0,,,4890000.0,,0,,1.0,0.0,364.0,57.9757181075633,permeability,fig S5d,BACHMAN et al 2016,https://doi.org/10.1038/nmat4621
463,3,57,5,6,6.0,,55.0,1.2,,,,308.0,,,5360000.0,,0,,1.0,0.0,364.0,56.8882665148392,permeability,fig S5d,BACHMAN et al 2016,https://doi.org/10.1038/nmat4621
464,3,57,5,6,6.0,,55.0,1.2,,,,308.0,,,5860000.0,,0,,1.0,0.0,364.0,56.0128504195012,permeability,fig S5d,BACHMAN et al 2016,https://doi.org/10.1038/nmat4621
465,3,57,5,6,6.0,,55.0,1.2,,,,308.0,,,6350000.0,,0,,1.0,0.0,364.0,55.1529297528228,permeability,fig S5d,BACHMAN et al 2016,https://doi.org/10.1038/nmat4621
466,3,56,5,6,25.0,,55.0,1.2,,,,308.0,,,540000.0,,0,,1.0,0.0,364.0,229.74079948599,permeability,fig S5e,BACHMAN et al 2016,https://doi.org/10.1038/nmat4621
467,3,56,5,6,25.0,,55.0,1.2,,,,308.0,,,1070000.0,,0,,1.0,0.0,364.0,177.336188322779,permeability,fig S5e,BACHMAN et al 2016,https://doi.org/10.1038/nmat4621
468,3,56,5,6,25.0,,55.0,1.2,,,,308.0,,,1540000.0,,0,,1.0,0.0,364.0,157.579840807438,permeability,fig S5e,BACHMAN et al 2016,https://doi.org/10.1038/nmat4621
469,3,56,5,6,25.0,,55.0,1.2,,,,308.0,,,2040000.0,,0,,1.0,0.0,364.0,146.434194974584,permeability,fig S5e,BACHMAN et al 2016,https://doi.org/10.1038/nmat4621
470,3,56,5,6,25.0,,55.0,1.2,,,,308.0,,,2540000.0,,0,,1.0,0.0,364.0,139.474451888971,permeability,fig S5e,BACHMAN et al 2016,https://doi.org/10.1038/nmat4621
471,3,56,5,6,25.0,,55.0,1.2,,,,308.0,,,3000000.0,,0,,1.0,0.0,364.0,133.409754759255,permeability,fig S5e,BACHMAN et al 2016,https://doi.org/10.1038/nmat4621
472,3,56,5,6,25.0,,55.0,1.2,,,,308.0,,,3500000.0,,0,,1.0,0.0,364.0,128.860342296399,permeability,fig S5e,BACHMAN et al 2016,https://doi.org/10.1038/nmat4621
473,3,56,5,6,25.0,,55.0,1.2,,,,308.0,,,4040000.0,,0,,1.0,0.0,364.0,125.189820730174,permeability,fig S5e,BACHMAN et al 2016,https://doi.org/10.1038/nmat4621
474,3,56,5,6,25.0,,55.0,1.2,,,,308.0,,,4520000.0,,0,,1.0,0.0,364.0,121.601596808278,permeability,fig S5e,BACHMAN et al 2016,https://doi.org/10.1038/nmat4621
475,3,56,5,6,25.0,,55.0,1.2,,,,308.0,,,5030000.0,,0,,1.0,0.0,364.0,118.887769981356,permeability,fig S5e,BACHMAN et al 2016,https://doi.org/10.1038/nmat4621
476,3,56,5,6,25.0,,55.0,1.2,,,,308.0,,,5490000.0,,0,,1.0,0.0,364.0,116.250287519273,permeability,fig S5e,BACHMAN et al 2016,https://doi.org/10.1038/nmat4621
477,3,56,5,6,25.0,,55.0,1.2,,,,308.0,,,5970000.0,,0,,1.0,0.0,364.0,113.025336761905,permeability,fig S5e,BACHMAN et al 2016,https://doi.org/10.1038/nmat4621
724,1,90,6,8,0.0,,,,,,,303.0,,,100000.0,,340,,,0.0,364.0,,permeance,fig 7,MESSAOUD AB et al 2015,http://dx.doi.org/10.1016/j.seppur.2015.04.017
728,3,91,6,18,5.0,,1.0,0.5646666666666665,,,,303.0,,,100000.0,,340,,,0.0,364.0,0.029882809,permeance,fig 7,MESSAOUD AB et al 2015,http://dx.doi.org/10.1016/j.seppur.2015.04.017
732,3,91,6,18,10.0,,,,,,,303.0,,,100000.0,,340,,,0.0,364.0,,permeance,fig 7,MESSAOUD AB et al 2015,http://dx.doi.org/10.1016/j.seppur.2015.04.017
44,1,1,1,1,0.0,,50.0,1.1733333333333333,,411.0,,308.0,200000.0,1000.0,199000.0,,0,,0.5,0.0,380.0,6.0,permeability,table 2,XIE W et al 2022,https://doi.org/10.1016/j.seppur.2021.120091
45,1,2,1,1,0.0,,50.0,1.1733333333333333,,219.0,,308.0,200000.0,1000.0,199000.0,,0,,0.5,0.0,380.0,3.0,permeability,table 2,XIE W et al 2022,https://doi.org/10.1016/j.seppur.2021.120091
46,1,3,1,1,0.0,,50.0,1.1733333333333333,,63.0,,308.0,200000.0,1000.0,199000.0,,0,,0.5,0.0,380.0,1.5,permeability,table 2,XIE W et al 2022,https://doi.org/10.1016/j.seppur.2021.120091
47,1,4,1,1,0.0,,50.0,1.1733333333333333,,53.0,,308.0,200000.0,1000.0,199000.0,,0,,0.5,0.0,380.0,0.44,permeability,table 2,XIE W et al 2022,https://doi.org/10.1016/j.seppur.2021.120091
48,1,5,1,2,0.0,,50.0,1.1733333333333333,,367.0,,308.0,200000.0,1000.0,199000.0,,0,,0.5,0.0,380.0,5.3,permeability,table 2,XIE W et al 2022,https://doi.org/10.1016/j.seppur.2021.120091
49,1,6,1,2,0.0,,50.0,1.1733333333333333,,83.0,,308.0,200000.0,1000.0,199000.0,,0,,0.5,0.0,380.0,0.97,permeability,table 2,XIE W et al 2022,https://doi.org/10.1016/j.seppur.2021.120091
50,1,7,1,2,0.0,,50.0,1.1733333333333333,,56.0,,308.0,200000.0,1000.0,199000.0,,0,,0.5,0.0,380.0,0.25,permeability,table 2,XIE W et al 2022,https://doi.org/10.1016/j.seppur.2021.120091
51,1,8,1,2,0.0,,50.0,1.1733333333333333,,41.0,,308.0,200000.0,1000.0,199000.0,,0,,0.5,0.0,380.0,0.03,permeability,table 2,XIE W et al 2022,https://doi.org/10.1016/j.seppur.2021.120091
113,2,21,2,3,0.0,,1.2,0.38,0.27,624.0,,298.0,303000.0,103000.0,200000.0,4.0,0,,,0.0,380.0,197.753883088236,permeance,fig 8a,LI Y et al 2021,https://doi.org/10.1016/j.memsci.2021.119349
114,2,21,2,3,0.0,,1.2,0.38,0.27,624.0,,323.0,303000.0,103000.0,200000.0,4.0,0,,,0.0,380.0,180.175760147059,permeance,fig 8a,LI Y et al 2021,https://doi.org/10.1016/j.memsci.2021.119349
115,2,21,2,3,0.0,,1.2,0.38,0.27,624.0,,348.0,303000.0,103000.0,200000.0,4.0,0,,,0.0,380.0,171.38669867647,permeance,fig 8a,LI Y et al 2021,https://doi.org/10.1016/j.memsci.2021.119349
116,2,21,2,3,0.0,,1.2,0.38,0.27,624.0,,373.0,303000.0,103000.0,200000.0,4.0,0,,,0.0,380.0,166.992167941177,permeance,fig 8a,LI Y et al 2021,https://doi.org/10.1016/j.memsci.2021.119349
117,2,21,2,3,0.0,,1.2,0.38,0.27,624.0,,398.0,303000.0,103000.0,200000.0,4.0,0,,,0.0,380.0,162.597637205882,permeance,fig 8a,LI Y et al 2021,https://doi.org/10.1016/j.memsci.2021.119349
122,2,21,2,3,0.0,,1.2,0.38,0.27,624.0,,298.0,503000.0,103000.0,400000.0,4.0,0,,,0.0,380.0,197.872654189187,permeance,fig 8b,LI Y et al 2021,https://doi.org/10.1016/j.memsci.2021.119349
123,2,21,2,3,0.0,,1.2,0.38,0.27,624.0,,298.0,703000.0,103000.0,600000.0,4.0,0,,,0.0,380.0,197.872654189186,permeance,fig 8b,LI Y et al 2021,https://doi.org/10.1016/j.memsci.2021.119349
124,2,21,2,3,0.0,,1.2,0.38,0.27,624.0,,298.0,903000.0,103000.0,800000.0,4.0,0,,,0.0,380.0,197.872654189188,permeance,fig 8b,LI Y et al 2021,https://doi.org/10.1016/j.memsci.2021.119349
125,2,21,2,3,0.0,,1.2,0.38,0.27,624.0,,298.0,1103000.0,103000.0,1000000.0,4.0,0,,,0.0,380.0,205.949089054054,permeance,fig 8b,LI Y et al 2021,https://doi.org/10.1016/j.memsci.2021.119349
179,1,24,1,4,0.0,,74.2,0.6499999999999999,,,0.79,293.0,120000.0,100000.0,20000.0,,260,,2.0,620.0,380.0,172.0,permeability,table 1,AMEEN AW et al 2021,https://doi.org/10.1016/j.memsci.2021.119527
181,3,25,1,5,0.5,,72.2,0.5646666666666665,,,0.81,293.0,120000.0,100000.0,20000.0,,260,,2.0,620.0,380.0,410.0,permeability,table 1,AMEEN AW et al 2021,https://doi.org/10.1016/j.memsci.2021.119527
183,3,25,1,5,0.8,,72.5,0.5646666666666665,,,0.84,293.0,120000.0,100000.0,20000.0,,260,,2.0,620.0,380.0,278.0,permeability,table 1,AMEEN AW et al 2021,https://doi.org/10.1016/j.memsci.2021.119527
303,1,51,1,4,0.0,,90.0,0.38,,685.0,2.14,298.0,,,100000.0,,0,,,0.0,380.0,410.0,permeability,table 1,BERNARDO P et al 2017,http://dx.doi.org/10.1016/j.polymer.2016.10.040
304,1,52,1,4,0.0,,110.0,0.38,,759.0,2.14,298.0,,,100000.0,,0,,,0.0,380.0,1150.0,permeability,table 1,BERNARDO P et al 2017,http://dx.doi.org/10.1016/j.polymer.2016.10.040
305,1,52,1,4,0.0,,110.0,0.38,,759.0,2.14,298.0,,,100000.0,,0,,,1200.0,380.0,159.0,permeability,table 1,BERNARDO P et al 2017,http://dx.doi.org/10.1016/j.polymer.2016.10.040
312,1,53,1,4,0.0,,125.4,0.38,,759.0,2.14,298.0,,,100000.0,,0,,,2117.0,380.0,192.0,permeability,table S1,BERNARDO P et al 2017,http://dx.doi.org/10.1016/j.polymer.2016.10.040
321,1,51,1,4,0.0,,90.0,0.38,,685.0,2.14,298.0,,,100000.0,,0,,,4.040304,380.0,305.6069,permeability,fig 2,BERNARDO P et al 2017,http://dx.doi.org/10.1016/j.polymer.2016.10.040
322,1,51,1,4,0.0,,90.0,0.38,,685.0,2.14,298.0,,,100000.0,,0,,,37.86442,380.0,268.4005,permeability,fig 2,BERNARDO P et al 2017,http://dx.doi.org/10.1016/j.polymer.2016.10.040
323,1,51,1,4,0.0,,90.0,0.38,,685.0,2.14,298.0,,,100000.0,,0,,,191.3494,380.0,207.0255,permeability,fig 2,BERNARDO P et al 2017,http://dx.doi.org/10.1016/j.polymer.2016.10.040
324,1,52,1,4,0.0,,110.0,0.38,,759.0,2.14,298.0,,,100000.0,,0,,,6.974891,380.0,710.6112,permeability,fig 2,BERNARDO P et al 2017,http://dx.doi.org/10.1016/j.polymer.2016.10.040
325,1,52,1,4,0.0,,110.0,0.38,,759.0,2.14,298.0,,,100000.0,,0,,,63.0675,380.0,403.0336,permeability,fig 2,BERNARDO P et al 2017,http://dx.doi.org/10.1016/j.polymer.2016.10.040
326,1,52,1,4,0.0,,110.0,0.38,,759.0,2.14,298.0,,,100000.0,,0,,,345.4513,380.0,211.3128,permeability,fig 2,BERNARDO P et al 2017,http://dx.doi.org/10.1016/j.polymer.2016.10.040
327,1,54,1,4,0.0,,110.9054,0.38,,759.0,2.14,298.0,,,100000.0,,0,,,2.799213,380.0,501.5298,permeability,fig 2,BERNARDO P et al 2017,http://dx.doi.org/10.1016/j.polymer.2016.10.040
328,1,54,1,4,0.0,,110.9054,0.38,,759.0,2.14,298.0,,,100000.0,,0,,,27.43403,380.0,362.5327,permeability,fig 2,BERNARDO P et al 2017,http://dx.doi.org/10.1016/j.polymer.2016.10.040
329,1,54,1,4,0.0,,110.9054,0.38,,759.0,2.14,298.0,,,100000.0,,0,,,186.2796,380.0,233.3203,permeability,fig 2,BERNARDO P et al 2017,http://dx.doi.org/10.1016/j.polymer.2016.10.040
330,1,55,1,4,0.0,,132.508,0.38,,759.0,2.14,298.0,,,100000.0,,0,,,4.040304,380.0,522.5176,permeability,fig 2,BERNARDO P et al 2017,http://dx.doi.org/10.1016/j.polymer.2016.10.040
331,1,55,1,4,0.0,,132.508,0.38,,759.0,2.14,298.0,,,100000.0,,0,,,28.94764,380.0,417.0403,permeability,fig 2,BERNARDO P et al 2017,http://dx.doi.org/10.1016/j.polymer.2016.10.040
332,1,55,1,4,0.0,,132.508,0.38,,759.0,2.14,298.0,,,100000.0,,0,,,187.9544,380.0,310.872,permeability,fig 2,BERNARDO P et al 2017,http://dx.doi.org/10.1016/j.polymer.2016.10.040
478,1,27,5,7,0.0,,55.0,1.2,,,,308.0,,,80000.0,,0,,1.0,0.0,380.0,55.4325023368438,permeability,fig S5a,BACHMAN et al 2016,https://doi.org/10.1038/nmat4621
479,1,27,5,7,0.0,,55.0,1.2,,,,308.0,,,470000.0,,0,,1.0,0.0,380.0,47.9526435020941,permeability,fig S5a,BACHMAN et al 2016,https://doi.org/10.1038/nmat4621
480,1,27,5,7,0.0,,55.0,1.2,,,,308.0,,,960000.0,,0,,1.0,0.0,380.0,44.8042142714469,permeability,fig S5a,BACHMAN et al 2016,https://doi.org/10.1038/nmat4621
481,1,27,5,7,0.0,,55.0,1.2,,,,308.0,,,1450000.0,,0,,1.0,0.0,380.0,42.8801071186309,permeability,fig S5a,BACHMAN et al 2016,https://doi.org/10.1038/nmat4621
482,1,27,5,7,0.0,,55.0,1.2,,,,308.0,,,1940000.0,,0,,1.0,0.0,380.0,40.7286808660375,permeability,fig S5a,BACHMAN et al 2016,https://doi.org/10.1038/nmat4621
483,1,27,5,7,0.0,,55.0,1.2,,,,308.0,,,2430000.0,,0,,1.0,0.0,380.0,39.9082538848393,permeability,fig S5a,BACHMAN et al 2016,https://doi.org/10.1038/nmat4621
484,1,27,5,7,0.0,,55.0,1.2,,,,308.0,,,2920000.0,,0,,1.0,0.0,380.0,38.6979194566349,permeability,fig S5a,BACHMAN et al 2016,https://doi.org/10.1038/nmat4621
485,1,27,5,7,0.0,,55.0,1.2,,,,308.0,,,3410000.0,,0,,1.0,0.0,380.0,37.6082583421013,permeability,fig S5a,BACHMAN et al 2016,https://doi.org/10.1038/nmat4621
486,1,27,5,7,0.0,,55.0,1.2,,,,308.0,,,3900000.0,,0,,1.0,0.0,380.0,36.6459933377746,permeability,fig S5a,BACHMAN et al 2016,https://doi.org/10.1038/nmat4621
487,1,27,5,7,0.0,,55.0,1.2,,,,308.0,,,4380000.0,,0,,1.0,0.0,380.0,35.9577848082415,permeability,fig S5a,BACHMAN et al 2016,https://doi.org/10.1038/nmat4621
488,1,27,5,7,0.0,,55.0,1.2,,,,308.0,,,4870000.0,,0,,1.0,0.0,380.0,35.3976166582016,permeability,fig S5a,BACHMAN et al 2016,https://doi.org/10.1038/nmat4621
489,1,27,5,7,0.0,,55.0,1.2,,,,308.0,,,5350000.0,,0,,1.0,0.0,380.0,34.7239949377618,permeability,fig S5a,BACHMAN et al 2016,https://doi.org/10.1038/nmat4621
490,1,27,5,7,0.0,,55.0,1.2,,,,308.0,,,5840000.0,,0,,1.0,0.0,380.0,34.0983568409283,permeability,fig S5a,BACHMAN et al 2016,https://doi.org/10.1038/nmat4621
491,1,27,5,7,0.0,,55.0,1.2,,,,308.0,,,6340000.0,,0,,1.0,0.0,380.0,33.4834674258271,permeability,fig S5a,BACHMAN et al 2016,https://doi.org/10.1038/nmat4621
492,3,57,5,6,6.0,,55.0,1.2,,,,308.0,,,100000.0,,0,,1.0,0.0,380.0,90.5991499282908,permeability,fig S5d,BACHMAN et al 2016,https://doi.org/10.1038/nmat4621
493,3,57,5,6,6.0,,55.0,1.2,,,,308.0,,,470000.0,,0,,1.0,0.0,380.0,78.8080155080023,permeability,fig S5d,BACHMAN et al 2016,https://doi.org/10.1038/nmat4621
494,3,57,5,6,6.0,,55.0,1.2,,,,308.0,,,980000.0,,0,,1.0,0.0,380.0,71.9160670249002,permeability,fig S5d,BACHMAN et al 2016,https://doi.org/10.1038/nmat4621
495,3,57,5,6,6.0,,55.0,1.2,,,,308.0,,,1460000.0,,0,,1.0,0.0,380.0,66.5421133199118,permeability,fig S5d,BACHMAN et al 2016,https://doi.org/10.1038/nmat4621
496,3,57,5,6,6.0,,55.0,1.2,,,,308.0,,,1940000.0,,0,,1.0,0.0,380.0,63.8031119234229,permeability,fig S5d,BACHMAN et al 2016,https://doi.org/10.1038/nmat4621
497,3,57,5,6,6.0,,55.0,1.2,,,,308.0,,,2430000.0,,0,,1.0,0.0,380.0,61.1924926131218,permeability,fig S5d,BACHMAN et al 2016,https://doi.org/10.1038/nmat4621
498,3,57,5,6,6.0,,55.0,1.2,,,,308.0,,,2930000.0,,0,,1.0,0.0,380.0,60.1358322304941,permeability,fig S5d,BACHMAN et al 2016,https://doi.org/10.1038/nmat4621
499,3,57,5,6,6.0,,55.0,1.2,,,,308.0,,,3430000.0,,0,,1.0,0.0,380.0,58.7137623396898,permeability,fig S5d,BACHMAN et al 2016,https://doi.org/10.1038/nmat4621
500,3,57,5,6,6.0,,55.0,1.2,,,,308.0,,,3900000.0,,0,,1.0,0.0,380.0,57.678855574045,permeability,fig S5d,BACHMAN et al 2016,https://doi.org/10.1038/nmat4621
501,3,57,5,6,6.0,,55.0,1.2,,,,308.0,,,4400000.0,,0,,1.0,0.0,380.0,56.1390333408251,permeability,fig S5d,BACHMAN et al 2016,https://doi.org/10.1038/nmat4621
502,3,57,5,6,6.0,,55.0,1.2,,,,308.0,,,4870000.0,,0,,1.0,0.0,380.0,54.8631185195156,permeability,fig S5d,BACHMAN et al 2016,https://doi.org/10.1038/nmat4621
503,3,57,5,6,6.0,,55.0,1.2,,,,308.0,,,5350000.0,,0,,1.0,0.0,380.0,54.1755696979397,permeability,fig S5d,BACHMAN et al 2016,https://doi.org/10.1038/nmat4621
504,3,57,5,6,6.0,,55.0,1.2,,,,308.0,,,5840000.0,,0,,1.0,0.0,380.0,53.4715657693676,permeability,fig S5d,BACHMAN et al 2016,https://doi.org/10.1038/nmat4621
505,3,57,5,6,6.0,,55.0,1.2,,,,308.0,,,6340000.0,,0,,1.0,0.0,380.0,53.0756308050454,permeability,fig S5d,BACHMAN et al 2016,https://doi.org/10.1038/nmat4621
506,3,56,5,6,25.0,,55.0,1.2,,,,308.0,,,70000.0,,0,,1.0,0.0,380.0,382.162388129708,permeability,fig S5e,BACHMAN et al 2016,https://doi.org/10.1038/nmat4621
507,3,56,5,6,25.0,,55.0,1.2,,,,308.0,,,480000.0,,0,,1.0,0.0,380.0,330.66113753699,permeability,fig S5e,BACHMAN et al 2016,https://doi.org/10.1038/nmat4621
508,3,56,5,6,25.0,,55.0,1.2,,,,308.0,,,990000.0,,0,,1.0,0.0,380.0,285.452272069117,permeability,fig S5e,BACHMAN et al 2016,https://doi.org/10.1038/nmat4621
509,3,56,5,6,25.0,,55.0,1.2,,,,308.0,,,1470000.0,,0,,1.0,0.0,380.0,257.858516926765,permeability,fig S5e,BACHMAN et al 2016,https://doi.org/10.1038/nmat4621
510,3,56,5,6,25.0,,55.0,1.2,,,,308.0,,,1980000.0,,0,,1.0,0.0,380.0,229.635548512419,permeability,fig S5e,BACHMAN et al 2016,https://doi.org/10.1038/nmat4621
511,3,56,5,6,25.0,,55.0,1.2,,,,308.0,,,2460000.0,,0,,1.0,0.0,380.0,206.708594077064,permeability,fig S5e,BACHMAN et al 2016,https://doi.org/10.1038/nmat4621
512,3,56,5,6,25.0,,55.0,1.2,,,,308.0,,,2950000.0,,0,,1.0,0.0,380.0,190.220003656186,permeability,fig S5e,BACHMAN et al 2016,https://doi.org/10.1038/nmat4621
513,3,56,5,6,25.0,,55.0,1.2,,,,308.0,,,3470000.0,,0,,1.0,0.0,380.0,177.885692011042,permeability,fig S5e,BACHMAN et al 2016,https://doi.org/10.1038/nmat4621
514,3,56,5,6,25.0,,55.0,1.2,,,,308.0,,,3950000.0,,0,,1.0,0.0,380.0,169.528930082919,permeability,fig S5e,BACHMAN et al 2016,https://doi.org/10.1038/nmat4621
515,3,56,5,6,25.0,,55.0,1.2,,,,308.0,,,4440000.0,,0,,1.0,0.0,380.0,162.11009787808,permeability,fig S5e,BACHMAN et al 2016,https://doi.org/10.1038/nmat4621
516,3,56,5,6,25.0,,55.0,1.2,,,,308.0,,,4930000.0,,0,,1.0,0.0,380.0,154.664074340153,permeability,fig S5e,BACHMAN et al 2016,https://doi.org/10.1038/nmat4621
517,3,56,5,6,25.0,,55.0,1.2,,,,308.0,,,5430000.0,,0,,1.0,0.0,380.0,148.332482081529,permeability,fig S5e,BACHMAN et al 2016,https://doi.org/10.1038/nmat4621
518,3,56,5,6,25.0,,55.0,1.2,,,,308.0,,,5920000.0,,0,,1.0,0.0,380.0,143.100296613308,permeability,fig S5e,BACHMAN et al 2016,https://doi.org/10.1038/nmat4621
519,3,56,5,6,25.0,,55.0,1.2,,,,308.0,,,6120000.0,,0,,1.0,0.0,380.0,140.236218235592,permeability,fig S5e,BACHMAN et al 2016,https://doi.org/10.1038/nmat4621
536,1,58,1,10,0.0,,100.53985,0.38,,,,298.0,500000.0,100000.0,400000.0,,0,,,0.0,380.0,4.21323529411765,permeability,table 3,EBADI R et al 2021,https://doi.org/10.1016/j.jngse.2021.103947
537,3,60,1,12,5.0,,54.485,0.38,,,,298.0,500000.0,100000.0,400000.0,,0,,,0.0,380.0,4.57372793354102,permeability,table 3,EBADI R et al 2021,https://doi.org/10.1016/j.jngse.2021.103947
538,3,61,1,12,10.0,,35.93,0.38,,,,298.0,500000.0,100000.0,400000.0,,0,,,0.0,380.0,4.98754295532646,permeability,table 3,EBADI R et al 2021,https://doi.org/10.1016/j.jngse.2021.103947
539,3,62,1,12,15.0,,45.485,0.38,,,,298.0,500000.0,100000.0,400000.0,,0,,,0.0,380.0,9.33759398496241,permeability,table 3,EBADI R et al 2021,https://doi.org/10.1016/j.jngse.2021.103947
544,1,58,1,10,0.0,,100.53985,0.38,,,,298.0,300000.0,100000.0,200000.0,,0,,,0.0,380.0,3.80246913580251,permeability,fig 13a,EBADI R et al 2021,https://doi.org/10.1016/j.jngse.2021.103947
545,3,60,1,12,5.0,,54.485,0.38,,,,298.0,300000.0,100000.0,200000.0,,0,,,0.0,380.0,4.07182940516277,permeability,fig 13a,EBADI R et al 2021,https://doi.org/10.1016/j.jngse.2021.103947
546,3,61,1,12,10.0,,35.93,0.38,,,,298.0,300000.0,100000.0,200000.0,,0,,,0.0,380.0,6.99887766554436,permeability,fig 13a,EBADI R et al 2021,https://doi.org/10.1016/j.jngse.2021.103947
547,3,62,1,12,15.0,,45.485,0.38,,,,298.0,300000.0,100000.0,200000.0,,0,,,0.0,380.0,8.93827160493829,permeability,fig 13a,EBADI R et al 2021,https://doi.org/10.1016/j.jngse.2021.103947
552,1,58,1,10,0.0,,100.53985,0.38,,,,298.0,700000.0,100000.0,600000.0,,0,,,0.0,380.0,4.26936026936031,permeability,fig 13a,EBADI R et al 2021,https://doi.org/10.1016/j.jngse.2021.103947
553,3,60,1,12,5.0,,54.485,0.38,,,,298.0,700000.0,100000.0,600000.0,,0,,,0.0,380.0,6.26262626262629,permeability,fig 13a,EBADI R et al 2021,https://doi.org/10.1016/j.jngse.2021.103947
554,3,61,1,12,10.0,,35.93,0.38,,,,298.0,700000.0,100000.0,600000.0,,0,,,0.0,380.0,6.2446689113356,permeability,fig 13a,EBADI R et al 2021,https://doi.org/10.1016/j.jngse.2021.103947
555,3,62,1,12,15.0,,45.485,0.38,,,,298.0,700000.0,100000.0,600000.0,,0,,,0.0,380.0,10.0157126823793,permeability,fig 13a,EBADI R et al 2021,https://doi.org/10.1016/j.jngse.2021.103947
578,1,76,1,8,0.0,,48.775000000000006,0.6499999999999999,,,,298.0,1000000.0,0.0,1000000.0,1000.0,340,,,0.0,380.0,0.199301,permeability,fig 9,TARIQ AR et al 2020,https://doi.org/10.1016/j.arabjc.2020.10.021
579,3,77,1,17,10.0,,26.239375000000003,0.6499999999999999,,,,298.0,1000000.0,0.0,1000000.0,1000.0,340,,,0.0,380.0,0.317073,permeability,fig 9,TARIQ AR et al 2020,https://doi.org/10.1016/j.arabjc.2020.10.021
580,3,77,1,17,20.0,,26.239375000000003,0.6499999999999999,,,,298.0,1000000.0,0.0,1000000.0,1000.0,340,,,0.0,380.0,0.398165,permeability,fig 9,TARIQ AR et al 2020,https://doi.org/10.1016/j.arabjc.2020.10.021
581,3,77,1,17,30.0,,26.239375000000003,0.6499999999999999,,,,298.0,1000000.0,0.0,1000000.0,1000.0,340,,,0.0,380.0,0.451994,permeability,fig 9,TARIQ AR et al 2020,https://doi.org/10.1016/j.arabjc.2020.10.021
586,1,76,1,8,0.0,,38.14999999999999,0.6499999999999999,,,,308.0,1000000.0,0.0,1000000.0,1000.0,340,,,0.0,380.0,0.227748728,permeability,fig 14 and 15,TARIQ AR et al 2020,https://doi.org/10.1016/j.arabjc.2020.10.021
587,1,76,1,8,0.0,,38.14999999999999,0.6499999999999999,,,,318.0,1000000.0,0.0,1000000.0,1000.0,340,,,0.0,380.0,0.306622951,permeability,fig 14 and 15,TARIQ AR et al 2020,https://doi.org/10.1016/j.arabjc.2020.10.021
588,1,76,1,8,0.0,,38.14999999999999,0.6499999999999999,,,,328.0,1000000.0,0.0,1000000.0,1000.0,340,,,0.0,380.0,0.374130248,permeability,fig 14 and 15,TARIQ AR et al 2020,https://doi.org/10.1016/j.arabjc.2020.10.021
589,1,76,1,8,0.0,,32.05,0.6499999999999999,,,,338.0,1000000.0,0.0,1000000.0,1000.0,340,,,0.0,380.0,0.453387111,permeability,fig 14 and 15,TARIQ AR et al 2020,https://doi.org/10.1016/j.arabjc.2020.10.021
594,3,77,1,17,10.0,,19.55375,0.6499999999999999,,,,308.0,1000000.0,0.0,1000000.0,1000.0,340,,,0.0,380.0,0.344486117,permeability,fig 14 and 15,TARIQ AR et al 2020,https://doi.org/10.1016/j.arabjc.2020.10.021
595,3,77,1,17,10.0,,19.55375,0.6499999999999999,,,,318.0,1000000.0,0.0,1000000.0,1000.0,340,,,0.0,380.0,0.416816913,permeability,fig 14 and 15,TARIQ AR et al 2020,https://doi.org/10.1016/j.arabjc.2020.10.021
596,3,77,1,17,10.0,,15.212499999999999,0.6499999999999999,,,,328.0,1000000.0,0.0,1000000.0,1000.0,340,,,0.0,380.0,0.519082513,permeability,fig 14 and 15,TARIQ AR et al 2020,https://doi.org/10.1016/j.arabjc.2020.10.021
597,3,77,1,17,10.0,,15.212499999999999,0.6499999999999999,,,,338.0,1000000.0,0.0,1000000.0,1000.0,340,,,0.0,380.0,0.596556661,permeability,fig 14 and 15,TARIQ AR et al 2020,https://doi.org/10.1016/j.arabjc.2020.10.021
608,1,80,1,8,0.0,,60.0,0.38,,,,303.0,,,690000.0,,0,,,0.0,380.0,4.2,permeability,table 4,AHMAD MZ et al 2021 / QIU W et al 2013,https://doi.org/10.1016/j.seppur.2020.117582
610,1,80,1,8,0.0,,60.0,0.6533333333333333,,,,303.0,,,100000.0,,0,,,0.0,380.0,3.5,permeability,table 4,AHMAD MZ et al 2021 / PARK S et al 2014,https://doi.org/10.1016/j.seppur.2020.117582
612,3,81,1,19,10.0,,45.276875,0.8733333333333334,,,,303.0,,,100000.0,,0,,,0.0,380.0,5.6,permeability,table 4,AHMAD MZ et al 2021 / PARK S et al 2014,https://doi.org/10.1016/j.seppur.2020.117582
614,3,81,1,19,20.0,,46.47125,0.8733333333333334,,,,303.0,,,100000.0,,0,,,0.0,380.0,11.1,permeability,table 4,AHMAD MZ et al 2021 / PARK S et al 2014,https://doi.org/10.1016/j.seppur.2020.117582
679,1,76,1,8,0.0,,50.0,1.2,,,,308.0,,,500000.0,,0,,,0.0,380.0,0.18,permeability,table 3,AKBARI A et al 2020,https://doi.org/10.1016/j.cep.2020.107804
680,3,88,1,17,5.0,,45.276875,1.12,,,,308.0,,,500000.0,,0,,,0.0,380.0,0.18,permeability,table 3,AKBARI A et al 2020,https://doi.org/10.1016/j.cep.2020.107804
681,3,88,1,17,10.0,,45.276875,1.12,,,,308.0,,,500000.0,,0,,,0.0,380.0,0.19,permeability,table 3,AKBARI A et al 2020,https://doi.org/10.1016/j.cep.2020.107804
682,3,88,1,17,20.0,,45.276875,1.12,,,,308.0,,,500000.0,,0,,,0.0,380.0,0.22,permeability,table 3,AKBARI A et al 2020,https://doi.org/10.1016/j.cep.2020.107804
683,3,88,1,17,30.0,,45.276875,1.12,,,,308.0,,,500000.0,,0,,,0.0,380.0,0.27,permeability,table 3,AKBARI A et al 2020,https://doi.org/10.1016/j.cep.2020.107804
684,3,89,1,17,5.0,,45.276875,1.05,,,,308.0,,,500000.0,,0,,,0.0,380.0,0.18,permeability,table 3,AKBARI A et al 2020,https://doi.org/10.1016/j.cep.2020.107804
685,3,89,1,17,10.0,,45.276875,1.05,,,,308.0,,,500000.0,,0,,,0.0,380.0,0.21,permeability,table 3,AKBARI A et al 2020,https://doi.org/10.1016/j.cep.2020.107804
686,3,89,1,17,20.0,,45.276875,1.05,,,,308.0,,,500000.0,,0,,,0.0,380.0,0.21,permeability,table 3,AKBARI A et al 2020,https://doi.org/10.1016/j.cep.2020.107804
687,3,89,1,17,30.0,,45.276875,1.05,,,,308.0,,,500000.0,,0,,,0.0,380.0,0.21,permeability,table 3,AKBARI A et al 2020,https://doi.org/10.1016/j.cep.2020.107804
688,3,89,1,17,35.0,,45.276875,1.05,,,,308.0,,,500000.0,,0,,,0.0,380.0,0.25,permeability,table 3,AKBARI A et al 2020,https://doi.org/10.1016/j.cep.2020.107804
692,3,89,1,17,30.0,,45.276875,1.05,,,,318.0,,,500000.0,,0,,,0.0,380.0,0.214904679376084,permeability,fig 6a,AKBARI A et al 2020,https://doi.org/10.1016/j.cep.2020.107804
693,3,89,1,17,30.0,,40.935625,1.05,,,,328.0,,,500000.0,,0,,,0.0,380.0,0.233743409490335,permeability,fig 6a,AKBARI A et al 2020,https://doi.org/10.1016/j.cep.2020.107804
694,3,89,1,17,30.0,,34.275,1.05,,,,338.0,,,500000.0,,0,,,0.0,380.0,0.271095152603234,permeability,fig 6a,AKBARI A et al 2020,https://doi.org/10.1016/j.cep.2020.107804
698,3,88,1,17,20.0,,45.276875,1.12,,,,318.0,,,500000.0,,0,,,0.0,380.0,0.248239436619719,permeability,fig 6b,AKBARI A et al 2020,https://doi.org/10.1016/j.cep.2020.107804
699,3,88,1,17,20.0,,40.935625,1.12,,,,328.0,,,500000.0,,0,,,0.0,380.0,0.267148014440433,permeability,fig 6b,AKBARI A et al 2020,https://doi.org/10.1016/j.cep.2020.107804
700,3,88,1,17,20.0,,34.275,1.12,,,,338.0,,,500000.0,,0,,,0.0,380.0,0.288888888888889,permeability,fig 6b,AKBARI A et al 2020,https://doi.org/10.1016/j.cep.2020.107804
705,3,89,1,17,30.0,,45.276875,1.05,,,,308.0,,,100000.0,,0,,,0.0,380.0,0.259047619047619,permeability,fig 8a,AKBARI A et al 2020,https://doi.org/10.1016/j.cep.2020.107804
706,3,89,1,17,30.0,,45.276875,1.05,,,,308.0,,,200000.0,,0,,,0.0,380.0,0.245421245421246,permeability,fig 8a,AKBARI A et al 2020,https://doi.org/10.1016/j.cep.2020.107804
707,3,89,1,17,30.0,,45.276875,1.05,,,,308.0,,,300000.0,,0,,,0.0,380.0,0.235714285714285,permeability,fig 8a,AKBARI A et al 2020,https://doi.org/10.1016/j.cep.2020.107804
708,3,89,1,17,30.0,,45.276875,1.05,,,,308.0,,,400000.0,,0,,,0.0,380.0,0.209424083769634,permeability,fig 8a,AKBARI A et al 2020,https://doi.org/10.1016/j.cep.2020.107804
713,3,88,1,17,20.0,,45.276875,1.12,,,,308.0,,,100000.0,,0,,,0.0,380.0,0.31630648330059,permeability,fig 8b,AKBARI A et al 2020,https://doi.org/10.1016/j.cep.2020.107804
714,3,88,1,17,20.0,,45.276875,1.12,,,,308.0,,,200000.0,,0,,,0.0,380.0,0.309297912713473,permeability,fig 8b,AKBARI A et al 2020,https://doi.org/10.1016/j.cep.2020.107804
715,3,88,1,17,20.0,,45.276875,1.12,,,,308.0,,,300000.0,,0,,,0.0,380.0,0.280510018214937,permeability,fig 8b,AKBARI A et al 2020,https://doi.org/10.1016/j.cep.2020.107804
716,3,88,1,17,20.0,,45.276875,1.12,,,,308.0,,,400000.0,,0,,,0.0,380.0,0.250883392226149,permeability,fig 8b,AKBARI A et al 2020,https://doi.org/10.1016/j.cep.2020.107804
725,1,90,6,8,0.0,,,,,,,303.0,,,100000.0,,340,,,0.0,380.0,,permeance,fig 7,MESSAOUD AB et al 2015,http://dx.doi.org/10.1016/j.seppur.2015.04.017
729,3,91,6,18,5.0,,1.0,0.5646666666666665,,,,303.0,,,100000.0,,340,,,0.0,380.0,0.02154093529712,permeance,fig 7,MESSAOUD AB et al 2015,http://dx.doi.org/10.1016/j.seppur.2015.04.017
733,3,91,6,18,10.0,,,,,,,303.0,,,100000.0,,340,,,0.0,380.0,,permeance,fig 7,MESSAOUD AB et al 2015,http://dx.doi.org/10.1016/j.seppur.2015.04.017
757,3,92,1,20,10.0,,15.0,0.394,,,2.01,298.0,,,100000.0,50.0,364,50.0,,0.0,380.0,4.6,permeability,table S3,LI W et al 2022,https://doi.org/10.1016/j.memsci.2021.120021
106,2,21,2,3,0.0,,1.2,0.38,0.27,624.0,,298.0,303000.0,103000.0,200000.0,4.0,0,,,0.0,444.3,61.6546252952298,permeance,fig 7,LI Y et al 2021,https://doi.org/10.1016/j.memsci.2021.119349
107,2,21,2,3,0.0,,1.2,0.38,0.27,624.0,,298.0,303000.0,103000.0,200000.0,4.0,0,,,0.0,550.0,23.6741718693191,permeance,fig 7,LI Y et al 2021,https://doi.org/10.1016/j.memsci.2021.119349
