,type,description,support_material,subtype,filler_loading,previous_thickness,mean_thickness,mean_pore_size,pore_volume,specific_surface_area,surface_area,temperature,feed_pressure,permeate_pressure,delta_pressure,feed_flow_rate,sweep_gas,sweep_gas_flow,stage_cut,aging,Py_He,Py_H2,Py_CO2,Py_O2,Py_H2S,Py_N2,Py_CO,Py_CH4,Py_C2H6,Py_SF6,provided_data_type,in_reference_data_location,reference,url
4,polymer,PI-0.25,none,polyimides,0.0,,50.0,,,411.0,,308.0,200000.0,1000.0,199000.0,,none,,0.5,0.0,193.0,238.0,191.0,37.0,,9.0,,6.0,,,permeability,table 2,XIE W et al 2022,https://doi.org/10.1016/j.seppur.2021.120091
5,polymer,PI-0.50,none,polyimides,0.0,,50.0,,,219.0,,308.0,200000.0,1000.0,199000.0,,none,,0.5,0.0,133.0,159.0,121.0,22.0,,5.0,,3.0,,,permeability,table 2,XIE W et al 2022,https://doi.org/10.1016/j.seppur.2021.120091
6,polymer,PI-0.75,none,polyimides,0.0,,50.0,,,63.0,,308.0,200000.0,1000.0,199000.0,,none,,0.5,0.0,105.0,117.0,66.0,14.0,,2.8,,1.5,,,permeability,table 2,XIE W et al 2022,https://doi.org/10.1016/j.seppur.2021.120091
7,polymer,PI-1.00,none,polyimides,0.0,,50.0,,,53.0,,308.0,200000.0,1000.0,199000.0,,none,,0.5,0.0,59.0,55.0,25.0,4.8,,0.9,,0.44,,,permeability,table 2,XIE W et al 2022,https://doi.org/10.1016/j.seppur.2021.120091
8,polymer,IPI-0.25,none,ionic copolyimides,0.0,,50.0,,,367.0,,308.0,200000.0,1000.0,199000.0,,none,,0.5,0.0,157.0,201.0,178.0,35.0,,7.8,,5.3,,,permeability,table 2,XIE W et al 2022,https://doi.org/10.1016/j.seppur.2021.120091
9,polymer,IPI-0.50,none,ionic copolyimides,0.0,,50.0,,,83.0,,308.0,200000.0,1000.0,199000.0,,none,,0.5,0.0,74.0,78.0,44.0,8.5,,1.5,,0.97,,,permeability,table 2,XIE W et al 2022,https://doi.org/10.1016/j.seppur.2021.120091
10,polymer,IPI-0.75,none,ionic copolyimides,0.0,,50.0,,,56.0,,308.0,200000.0,1000.0,199000.0,,none,,0.5,0.0,33.0,30.0,13.0,2.6,,0.4,,0.25,,,permeability,table 2,XIE W et al 2022,https://doi.org/10.1016/j.seppur.2021.120091
11,polymer,IPI-1.00,none,ionic copolyimides,0.0,,50.0,,,41.0,,308.0,200000.0,1000.0,199000.0,,none,,0.5,0.0,11.0,8.4,2.2,0.46,,0.06,,0.03,,,permeability,table 2,XIE W et al 2022,https://doi.org/10.1016/j.seppur.2021.120091
297,polymer,untreated,none,PIM-1,0.0,,90.0,,,685.0,2.14,298.0,,,100000.0,,none,,,0.0,758.0,1740.0,4970.0,742.0,,280.0,,410.0,,,permeability,table 1,BERNARDO P et al 2017,http://dx.doi.org/10.1016/j.polymer.2016.10.040
298,polymer,EtOH_25 treaded,none,PIM-1,0.0,,110.0,,,759.0,2.14,298.0,,,100000.0,,none,,,0.0,1706.0,4500.0,13300.0,2200.0,,857.0,,1150.0,,,permeability,table 1,BERNARDO P et al 2017,http://dx.doi.org/10.1016/j.polymer.2016.10.040
299,polymer,EtOH_25 treaded,none,PIM-1,0.0,,110.0,,,759.0,2.14,298.0,,,100000.0,,none,,,1200.0,1140.0,2440.0,2840.0,600.0,,125.0,,159.0,,,permeability,table 1,BERNARDO P et al 2017,http://dx.doi.org/10.1016/j.polymer.2016.10.040
314,polymer,EtOH_100 treaded,none,PIM-1,0.0,,125.4,,,759.0,2.14,298.0,,,100000.0,,none,,,2117.0,1128.0,2418.0,3317.0,665.0,,148.0,,192.0,,,permeability,table S1,BERNARDO P et al 2017,http://dx.doi.org/10.1016/j.polymer.2016.10.040
357,polymer,untreated,none,PIM-1,0.0,,90.0,,,685.0,2.14,298.0,,,100000.0,,none,,,3.998911,779.8514,,,,,,,,,,permeability,fig 2,BERNARDO P et al 2017,http://dx.doi.org/10.1016/j.polymer.2016.10.040
358,polymer,untreated,none,PIM-1,0.0,,90.0,,,685.0,2.14,298.0,,,100000.0,,none,,,37.73106,826.3419,,,676.9041,,,,,,,permeability,fig 2,BERNARDO P et al 2017,http://dx.doi.org/10.1016/j.polymer.2016.10.040
359,polymer,untreated,none,PIM-1,0.0,,90.0,,,685.0,2.14,298.0,,,100000.0,,none,,,248.9525,983.1133,,,629.6693,,,,,,,permeability,fig 2,BERNARDO P et al 2017,http://dx.doi.org/10.1016/j.polymer.2016.10.040
360,polymer,EtOH_25 treaded,none,PIM-1,0.0,,110.0,,,759.0,2.14,298.0,,,100000.0,,none,,,7.024282,1494.707,,8427.223,1589.161,,,,,,,permeability,fig 2,BERNARDO P et al 2017,http://dx.doi.org/10.1016/j.polymer.2016.10.040
361,polymer,EtOH_25 treaded,none,PIM-1,0.0,,110.0,,,759.0,2.14,298.0,,,100000.0,,none,,,62.81426,1377.378,,,,,,,,,,permeability,fig 2,BERNARDO P et al 2017,http://dx.doi.org/10.1016/j.polymer.2016.10.040
362,polymer,EtOH_25 treaded,none,PIM-1,0.0,,110.0,,,759.0,2.14,298.0,,,100000.0,,none,,,571.8492,1218.425,,,,,,,,,,permeability,fig 2,BERNARDO P et al 2017,http://dx.doi.org/10.1016/j.polymer.2016.10.040
363,polymer,EtOH_75 treaded,none,PIM-1,0.0,,110.9054,,,759.0,2.14,298.0,,,100000.0,,none,,,2.796417,1206.038,,7080.521,1173.449,,,,,,,permeability,fig 2,BERNARDO P et al 2017,http://dx.doi.org/10.1016/j.polymer.2016.10.040
364,polymer,EtOH_75 treaded,none,PIM-1,0.0,,110.9054,,,759.0,2.14,298.0,,,100000.0,,none,,,27.59159,1157.736,,,968.5745,,,,,,,permeability,fig 2,BERNARDO P et al 2017,http://dx.doi.org/10.1016/j.polymer.2016.10.040
365,polymer,EtOH_75 treaded,none,PIM-1,0.0,,110.9054,,,759.0,2.14,298.0,,,100000.0,,none,,,185.3366,1096.329,,,,,,,,,,permeability,fig 2,BERNARDO P et al 2017,http://dx.doi.org/10.1016/j.polymer.2016.10.040
366,polymer,EtOH_125 treaded,none,PIM-1,0.0,,132.508,,,759.0,2.14,298.0,,,100000.0,,none,,,3.998911,921.5036,,5949.026,877.9722,,,,,,,permeability,fig 2,BERNARDO P et al 2017,http://dx.doi.org/10.1016/j.polymer.2016.10.040
367,polymer,EtOH_125 treaded,none,PIM-1,0.0,,132.508,,,759.0,2.14,298.0,,,100000.0,,none,,,28.85321,930.9683,,,,,,,,,,permeability,fig 2,BERNARDO P et al 2017,http://dx.doi.org/10.1016/j.polymer.2016.10.040
368,polymer,EtOH_125 treaded,none,PIM-1,0.0,,132.508,,,759.0,2.14,298.0,,,100000.0,,none,,,187.0013,890.644,,,,,,,,,,permeability,fig 2,BERNARDO P et al 2017,http://dx.doi.org/10.1016/j.polymer.2016.10.040
669,polymer,Matrimid5218,none,glassy,0.0,,,,,,,308.0,,,500000.0,,none,,,0.0,23.1,,,,,,,0.18,,,permeability,table 3,AKBARI A et al 2020,https://doi.org/10.1016/j.cep.2020.107804
670,MMM,Cu-BTC/Matrimid5218,none,MOF/glassy,5.0,,,1.12,,,,308.0,,,500000.0,,none,,,0.0,27.7,,,,,,,0.18,,,permeability,table 3,AKBARI A et al 2020,https://doi.org/10.1016/j.cep.2020.107804
671,MMM,Cu-BTC/Matrimid5218,none,MOF/glassy,10.0,,,1.12,,,,308.0,,,500000.0,,none,,,0.0,35.2,,,,,,,0.19,,,permeability,table 3,AKBARI A et al 2020,https://doi.org/10.1016/j.cep.2020.107804
672,MMM,Cu-BTC/Matrimid5218,none,MOF/glassy,20.0,,,1.12,,,,308.0,,,500000.0,,none,,,0.0,49.7,,,,,,,0.22,,,permeability,table 3,AKBARI A et al 2020,https://doi.org/10.1016/j.cep.2020.107804
673,MMM,Cu-BTC/Matrimid5218,none,MOF/glassy,30.0,,,1.12,,,,308.0,,,500000.0,,none,,,0.0,55.9,,,,,,,0.27,,,permeability,table 3,AKBARI A et al 2020,https://doi.org/10.1016/j.cep.2020.107804
674,MMM,Cu-BDC/Matrimid5218,none,MOF/glassy,5.0,,,1.05,,,,308.0,,,500000.0,,none,,,0.0,28.1,,,,,,,0.18,,,permeability,table 3,AKBARI A et al 2020,https://doi.org/10.1016/j.cep.2020.107804
675,MMM,Cu-BDC/Matrimid5218,none,MOF/glassy,10.0,,,1.05,,,,308.0,,,500000.0,,none,,,0.0,38.4,,,,,,,0.21,,,permeability,table 3,AKBARI A et al 2020,https://doi.org/10.1016/j.cep.2020.107804
676,MMM,Cu-BDC/Matrimid5218,none,MOF/glassy,20.0,,,1.05,,,,308.0,,,500000.0,,none,,,0.0,47.3,,,,,,,0.21,,,permeability,table 3,AKBARI A et al 2020,https://doi.org/10.1016/j.cep.2020.107804
677,MMM,Cu-BDC/Matrimid5218,none,MOF/glassy,30.0,,,1.05,,,,308.0,,,500000.0,,none,,,0.0,51.8,,,,,,,0.21,,,permeability,table 3,AKBARI A et al 2020,https://doi.org/10.1016/j.cep.2020.107804
678,MMM,Cu-BDC/Matrimid5218,none,MOF/glassy,35.0,,,1.05,,,,308.0,,,500000.0,,none,,,0.0,55.1,,,,,,,0.25,,,permeability,table 3,AKBARI A et al 2020,https://doi.org/10.1016/j.cep.2020.107804
689,MMM,Cu-BDC/Matrimid5218,none,MOF/glassy,30.0,,,1.05,,,,318.0,,,500000.0,,none,,,0.0,54.2274052478136,,,,,,,0.214904679376084,,,permeability,fig 6a,AKBARI A et al 2020,https://doi.org/10.1016/j.cep.2020.107804
690,MMM,Cu-BDC/Matrimid5218,none,MOF/glassy,30.0,,,1.05,,,,328.0,,,500000.0,,none,,,0.0,58.1632653061227,,,,,,,0.233743409490335,,,permeability,fig 6a,AKBARI A et al 2020,https://doi.org/10.1016/j.cep.2020.107804
691,MMM,Cu-BDC/Matrimid5218,none,MOF/glassy,30.0,,,1.05,,,,338.0,,,500000.0,,none,,,0.0,66.0349854227409,,,,,,,0.271095152603234,,,permeability,fig 6a,AKBARI A et al 2020,https://doi.org/10.1016/j.cep.2020.107804
695,MMM,Cu-BTC/Matrimid5218,none,MOF/glassy,20.0,,,1.12,,,,318.0,,,500000.0,,none,,,0.0,52.4553571428571,,,,,,,0.248239436619719,,,permeability,fig 6b,AKBARI A et al 2020,https://doi.org/10.1016/j.cep.2020.107804
696,MMM,Cu-BTC/Matrimid5218,none,MOF/glassy,20.0,,,1.12,,,,328.0,,,500000.0,,none,,,0.0,55.0595238095237,,,,,,,0.267148014440433,,,permeability,fig 6b,AKBARI A et al 2020,https://doi.org/10.1016/j.cep.2020.107804
697,MMM,Cu-BTC/Matrimid5218,none,MOF/glassy,20.0,,,1.12,,,,338.0,,,500000.0,,none,,,0.0,58.0357142857143,,,,,,,0.288888888888889,,,permeability,fig 6b,AKBARI A et al 2020,https://doi.org/10.1016/j.cep.2020.107804
701,MMM,Cu-BDC/Matrimid5218,none,MOF/glassy,30.0,,,1.05,,,,308.0,,,100000.0,,none,,,0.0,59.8240469208211,,,,,,,0.259047619047619,,,permeability,fig 8a,AKBARI A et al 2020,https://doi.org/10.1016/j.cep.2020.107804
702,MMM,Cu-BDC/Matrimid5218,none,MOF/glassy,30.0,,,1.05,,,,308.0,,,200000.0,,none,,,0.0,58.9442815249266,,,,,,,0.245421245421246,,,permeability,fig 8a,AKBARI A et al 2020,https://doi.org/10.1016/j.cep.2020.107804
703,MMM,Cu-BDC/Matrimid5218,none,MOF/glassy,30.0,,,1.05,,,,308.0,,,300000.0,,none,,,0.0,58.0645161290322,,,,,,,0.235714285714285,,,permeability,fig 8a,AKBARI A et al 2020,https://doi.org/10.1016/j.cep.2020.107804
704,MMM,Cu-BDC/Matrimid5218,none,MOF/glassy,30.0,,,1.05,,,,308.0,,,400000.0,,none,,,0.0,52.7859237536656,,,,,,,0.209424083769634,,,permeability,fig 8a,AKBARI A et al 2020,https://doi.org/10.1016/j.cep.2020.107804
709,MMM,Cu-BTC/Matrimid5218,none,MOF/glassy,20.0,,,1.12,,,,308.0,,,100000.0,,none,,,0.0,59.9850968703428,,,,,,,0.31630648330059,,,permeability,fig 8b,AKBARI A et al 2020,https://doi.org/10.1016/j.cep.2020.107804
710,MMM,Cu-BTC/Matrimid5218,none,MOF/glassy,20.0,,,1.12,,,,308.0,,,200000.0,,none,,,0.0,60.7302533532042,,,,,,,0.309297912713473,,,permeability,fig 8b,AKBARI A et al 2020,https://doi.org/10.1016/j.cep.2020.107804
711,MMM,Cu-BTC/Matrimid5218,none,MOF/glassy,20.0,,,1.12,,,,308.0,,,300000.0,,none,,,0.0,57.3770491803279,,,,,,,0.280510018214937,,,permeability,fig 8b,AKBARI A et al 2020,https://doi.org/10.1016/j.cep.2020.107804
712,MMM,Cu-BTC/Matrimid5218,none,MOF/glassy,20.0,,,1.12,,,,308.0,,,400000.0,,none,,,0.0,52.9061102831595,,,,,,,0.250883392226149,,,permeability,fig 8b,AKBARI A et al 2020,https://doi.org/10.1016/j.cep.2020.107804
104,zeolite,O3at473K, alfa-alumina tubes,SSZ-13,0.0,,1.2,0.38,0.27,624.0,,298.0,303000.0,103000.0,200000.0,4.0,none,,,0.0,,16584.7164760642,23546.8531750975,,,3251.95274411765,,197.753883088236,61.6546252952298,23.6741718693191,permeance,fig 7,LI Y et al 2021,https://doi.org/10.1016/j.memsci.2021.119349
345,polymer,untreated,none,PIM-1,0.0,,90.0,,,685.0,2.14,298.0,,,100000.0,,none,,,4.006265,,1794.516,,,,,,,,,permeability,fig 2,BERNARDO P et al 2017,http://dx.doi.org/10.1016/j.polymer.2016.10.040
346,polymer,untreated,none,PIM-1,0.0,,90.0,,,685.0,2.14,298.0,,,100000.0,,none,,,118.6763,,2088.031,,,,,,,,,permeability,fig 2,BERNARDO P et al 2017,http://dx.doi.org/10.1016/j.polymer.2016.10.040
347,polymer,untreated,none,PIM-1,0.0,,90.0,,,685.0,2.14,298.0,,,100000.0,,none,,,248.4868,,2171.911,,,,,,,,,permeability,fig 2,BERNARDO P et al 2017,http://dx.doi.org/10.1016/j.polymer.2016.10.040
348,polymer,EtOH_25 treaded,none,PIM-1,0.0,,110.0,,,759.0,2.14,298.0,,,100000.0,,none,,,7.004888,,3792.69,,,,,,,,,permeability,fig 2,BERNARDO P et al 2017,http://dx.doi.org/10.1016/j.polymer.2016.10.040
349,polymer,EtOH_25 treaded,none,PIM-1,0.0,,110.0,,,759.0,2.14,298.0,,,100000.0,,none,,,63.15262,,3269.442,,,,,,,,,permeability,fig 2,BERNARDO P et al 2017,http://dx.doi.org/10.1016/j.polymer.2016.10.040
350,polymer,EtOH_25 treaded,none,PIM-1,0.0,,110.0,,,759.0,2.14,298.0,,,100000.0,,none,,,346.8306,,2612.795,,,,,,,,,permeability,fig 2,BERNARDO P et al 2017,http://dx.doi.org/10.1016/j.polymer.2016.10.040
351,polymer,EtOH_75 treaded,none,PIM-1,0.0,,110.9054,,,759.0,2.14,298.0,,,100000.0,,none,,,2.793727,,2967.348,,,,,,,,,permeability,fig 2,BERNARDO P et al 2017,http://dx.doi.org/10.1016/j.polymer.2016.10.040
352,polymer,EtOH_75 treaded,none,PIM-1,0.0,,110.9054,,,759.0,2.14,298.0,,,100000.0,,none,,,27.56215,,2726.003,,,,,,,,,permeability,fig 2,BERNARDO P et al 2017,http://dx.doi.org/10.1016/j.polymer.2016.10.040
353,polymer,EtOH_75 treaded,none,PIM-1,0.0,,110.9054,,,759.0,2.14,298.0,,,100000.0,,none,,,186.2339,,2436.925,,,,,,,,,permeability,fig 2,BERNARDO P et al 2017,http://dx.doi.org/10.1016/j.polymer.2016.10.040
354,polymer,EtOH_125 treaded,none,PIM-1,0.0,,132.508,,,759.0,2.14,298.0,,,100000.0,,none,,,4.006265,,2211.754,,,,,,,,,permeability,fig 2,BERNARDO P et al 2017,http://dx.doi.org/10.1016/j.polymer.2016.10.040
355,polymer,EtOH_125 treaded,none,PIM-1,0.0,,132.508,,,759.0,2.14,298.0,,,100000.0,,none,,,29.09353,,2171.911,,,,,,,,,permeability,fig 2,BERNARDO P et al 2017,http://dx.doi.org/10.1016/j.polymer.2016.10.040
356,polymer,EtOH_125 treaded,none,PIM-1,0.0,,132.508,,,759.0,2.14,298.0,,,100000.0,,none,,,189.621,,2038.03,,,,,,,,,permeability,fig 2,BERNARDO P et al 2017,http://dx.doi.org/10.1016/j.polymer.2016.10.040
722,polymer,PEI,alumina,glassy,0.0,,,,,,,303.0,,,100000.0,,Ar,,,0.0,,,,,,,,,,,permeance,fig 7,MESSAOUD AB et al 2015,http://dx.doi.org/10.1016/j.seppur.2015.04.017
726,MMM,SAPO-34/PEI,alumina,zeolite/glassy,5.0,,1.0,,,,,303.0,,,100000.0,,Ar,,,0.0,,3.27067284536041,1.2530558794349,,,0.029882809,,0.02154093529712,,,permeance,fig 7,MESSAOUD AB et al 2015,http://dx.doi.org/10.1016/j.seppur.2015.04.017
730,MMM,SAPO-34/PEI,alumina,zeolite/glassy,10.0,,,,,,,303.0,,,100000.0,,Ar,,,0.0,,,,,,,,,,,permeance,fig 7,MESSAOUD AB et al 2015,http://dx.doi.org/10.1016/j.seppur.2015.04.017
756,MMM,HOF-30/matrimid5218,none,HOF/glassy,10.0,,15.0,0.394,,,2.01,298.0,,,100000.0,50.0,N2,50.0,,0.0,,432.8,10.4784079131195,,,,,4.6,,,permeability,table S3,LI W et al 2022,https://doi.org/10.1016/j.memsci.2021.120021
178,polymer,Neat PIM-1,none,PIM-1,0.0,,74.2,,,,0.79,293.0,120000.0,100000.0,20000.0,,He,,2.0,620.0,,,2688.0,,,,,172.0,,,permeability,table 1,AMEEN AW et al 2021,https://doi.org/10.1016/j.memsci.2021.119527
180,MMM,BNNS/PIM-1,none,PIM-1/BNNS,0.5,,72.2,,,,0.81,293.0,120000.0,100000.0,20000.0,,He,,2.0,620.0,,,3495.0,,,,,410.0,,,permeability,table 1,AMEEN AW et al 2021,https://doi.org/10.1016/j.memsci.2021.119527
182,MMM,BNNS/PIM-1,none,PIM-1/BNNS,0.8,,72.5,,,,0.84,293.0,120000.0,100000.0,20000.0,,He,,2.0,620.0,,,3331.0,,,,,278.0,,,permeability,table 1,AMEEN AW et al 2021,https://doi.org/10.1016/j.memsci.2021.119527
333,polymer,untreated,none,PIM-1,0.0,,90.0,,,685.0,2.14,298.0,,,100000.0,,none,,,4.03483,,,4187.005,684.4334,,,,,,,permeability,fig 2,BERNARDO P et al 2017,http://dx.doi.org/10.1016/j.polymer.2016.10.040
334,polymer,untreated,none,PIM-1,0.0,,90.0,,,685.0,2.14,298.0,,,100000.0,,none,,,38.06997,,,3931.191,,,,,,,,permeability,fig 2,BERNARDO P et al 2017,http://dx.doi.org/10.1016/j.polymer.2016.10.040
335,polymer,untreated,none,PIM-1,0.0,,90.0,,,685.0,2.14,298.0,,,100000.0,,none,,,251.1886,,,3283.199,,,,,,,,permeability,fig 2,BERNARDO P et al 2017,http://dx.doi.org/10.1016/j.polymer.2016.10.040
337,polymer,EtOH_25 treaded,none,PIM-1,0.0,,110.0,,,759.0,2.14,298.0,,,100000.0,,none,,,63.94775,,,5860.396,,,,,,,,permeability,fig 2,BERNARDO P et al 2017,http://dx.doi.org/10.1016/j.polymer.2016.10.040
338,polymer,EtOH_25 treaded,none,PIM-1,0.0,,110.0,,,759.0,2.14,298.0,,,100000.0,,none,,,346.5819,,,3592.615,,,,,,,,permeability,fig 2,BERNARDO P et al 2017,http://dx.doi.org/10.1016/j.polymer.2016.10.040
340,polymer,EtOH_75 treaded,none,PIM-1,0.0,,110.9054,,,759.0,2.14,298.0,,,100000.0,,none,,,27.83942,,,5469.404,,,,,,,,permeability,fig 2,BERNARDO P et al 2017,http://dx.doi.org/10.1016/j.polymer.2016.10.040
341,polymer,EtOH_75 treaded,none,PIM-1,0.0,,110.9054,,,759.0,2.14,298.0,,,100000.0,,none,,,135.5311,,,4026.747,,,,,,,,permeability,fig 2,BERNARDO P et al 2017,http://dx.doi.org/10.1016/j.polymer.2016.10.040
343,polymer,EtOH_125 treaded,none,PIM-1,0.0,,132.508,,,759.0,2.14,298.0,,,100000.0,,none,,,29.37387,,,5275.877,,,,,,,,permeability,fig 2,BERNARDO P et al 2017,http://dx.doi.org/10.1016/j.polymer.2016.10.040
344,polymer,EtOH_125 treaded,none,PIM-1,0.0,,132.508,,,759.0,2.14,298.0,,,100000.0,,none,,,116.4178,,,4807.037,,,,,,,,permeability,fig 2,BERNARDO P et al 2017,http://dx.doi.org/10.1016/j.polymer.2016.10.040
408,polymer,6FDA-DAM,flat sheet,PI,0.0,,55.0,1.2,,,,308.0,,,480000.0,,none,,1.0,0.0,,,816.303667484013,,,,,,,,permeability,fig S5f,BACHMAN et al 2016,https://doi.org/10.1038/nmat4621
409,polymer,6FDA-DAM,flat sheet,PI,0.0,,55.0,1.2,,,,308.0,,,970000.0,,none,,1.0,0.0,,,741.178685940364,,,,,,,,permeability,fig S5f,BACHMAN et al 2016,https://doi.org/10.1038/nmat4621
410,polymer,6FDA-DAM,flat sheet,PI,0.0,,55.0,1.2,,,,308.0,,,1460000.0,,none,,1.0,0.0,,,751.976648524515,,,,,,,,permeability,fig S5f,BACHMAN et al 2016,https://doi.org/10.1038/nmat4621
411,polymer,6FDA-DAM,flat sheet,PI,0.0,,55.0,1.2,,,,308.0,,,1940000.0,,none,,1.0,0.0,,,814.835048859605,,,,,40.7286808660375,,,permeability,fig S5f,BACHMAN et al 2016,https://doi.org/10.1038/nmat4621
412,polymer,6FDA-DAM,flat sheet,PI,0.0,,55.0,1.2,,,,308.0,,,2430000.0,,none,,1.0,0.0,,,895.317445560763,,,54.4444840061681,,39.9082538848393,,,permeability,fig S5f,BACHMAN et al 2016,https://doi.org/10.1038/nmat4621
413,polymer,6FDA-DAM,flat sheet,PI,0.0,,55.0,1.2,,,,308.0,,,2930000.0,,none,,1.0,0.0,,,999.260285209386,,,,,,,,permeability,fig S5f,BACHMAN et al 2016,https://doi.org/10.1038/nmat4621
414,polymer,6FDA-DAM,flat sheet,PI,0.0,,55.0,1.2,,,,308.0,,,3400000.0,,none,,1.0,0.0,,,1104.18925436742,,,,,,,,permeability,fig S5f,BACHMAN et al 2016,https://doi.org/10.1038/nmat4621
415,polymer,6FDA-DAM,flat sheet,PI,0.0,,55.0,1.2,,,,308.0,,,3900000.0,,none,,1.0,0.0,,,1206.46303645809,,,,,36.6459933377746,,,permeability,fig S5f,BACHMAN et al 2016,https://doi.org/10.1038/nmat4621
416,polymer,6FDA-DAM,flat sheet,PI,0.0,,55.0,1.2,,,,308.0,,,4390000.0,,none,,1.0,0.0,,,1298.18409905158,,,,,,,,permeability,fig S5f,BACHMAN et al 2016,https://doi.org/10.1038/nmat4621
417,polymer,6FDA-DAM,flat sheet,PI,0.0,,55.0,1.2,,,,308.0,,,4870000.0,,none,,1.0,0.0,,,1380.39411513563,,,,,35.3976166582016,,,permeability,fig S5f,BACHMAN et al 2016,https://doi.org/10.1038/nmat4621
418,MMM,6wt_Ni2(dobdc),flat sheet,MOF/PI,6.0,,55.0,1.2,,,,308.0,,,480000.0,,none,,1.0,0.0,,,942.910016241897,,,70.410485785486,,,,,permeability,fig S5f,BACHMAN et al 2016,https://doi.org/10.1038/nmat4621
419,MMM,6wt_Ni2(dobdc),flat sheet,MOF/PI,6.0,,55.0,1.2,,,,308.0,,,970000.0,,none,,1.0,0.0,,,880.343475124281,,,67.3975901815168,,,,,permeability,fig S5f,BACHMAN et al 2016,https://doi.org/10.1038/nmat4621
420,MMM,6wt_Ni2(dobdc),flat sheet,MOF/PI,6.0,,55.0,1.2,,,,308.0,,,1460000.0,,none,,1.0,0.0,,,896.278260622352,,,65.717091685394,,66.5421133199118,,,permeability,fig S5f,BACHMAN et al 2016,https://doi.org/10.1038/nmat4621
421,MMM,6wt_Ni2(dobdc),flat sheet,MOF/PI,6.0,,55.0,1.2,,,,308.0,,,1950000.0,,none,,1.0,0.0,,,952.935469618973,,,,,,,,permeability,fig S5f,BACHMAN et al 2016,https://doi.org/10.1038/nmat4621
422,MMM,6wt_Ni2(dobdc),flat sheet,MOF/PI,6.0,,55.0,1.2,,,,308.0,,,2450000.0,,none,,1.0,0.0,,,1023.84583365153,,,,,,,,permeability,fig S5f,BACHMAN et al 2016,https://doi.org/10.1038/nmat4621
423,MMM,6wt_Ni2(dobdc),flat sheet,MOF/PI,6.0,,55.0,1.2,,,,308.0,,,2920000.0,,none,,1.0,0.0,,,1108.63438934928,,,,,,,,permeability,fig S5f,BACHMAN et al 2016,https://doi.org/10.1038/nmat4621
424,MMM,6wt_Ni2(dobdc),flat sheet,MOF/PI,6.0,,55.0,1.2,,,,308.0,,,3420000.0,,none,,1.0,0.0,,,1191.78581528024,,,60.5571095152746,,,,,permeability,fig S5f,BACHMAN et al 2016,https://doi.org/10.1038/nmat4621
425,MMM,6wt_Ni2(dobdc),flat sheet,MOF/PI,6.0,,55.0,1.2,,,,308.0,,,3900000.0,,none,,1.0,0.0,,,1272.82168787944,,,,,57.678855574045,,,permeability,fig S5f,BACHMAN et al 2016,https://doi.org/10.1038/nmat4621
426,MMM,6wt_Ni2(dobdc),flat sheet,MOF/PI,6.0,,55.0,1.2,,,,308.0,,,4390000.0,,none,,1.0,0.0,,,1349.88608133148,,,,,,,,permeability,fig S5f,BACHMAN et al 2016,https://doi.org/10.1038/nmat4621
427,MMM,6wt_Ni2(dobdc),flat sheet,MOF/PI,6.0,,55.0,1.2,,,,308.0,,,4870000.0,,none,,1.0,0.0,,,1419.6496821153,,,,,54.8631185195156,,,permeability,fig S5f,BACHMAN et al 2016,https://doi.org/10.1038/nmat4621
428,MMM,25wt_Ni2(dobdc),flat sheet,MOF/PI,25.0,,55.0,1.2,,,,308.0,,,530000.0,,none,,1.0,0.0,,,1153.63853017922,,,,,,,,permeability,fig S5f,BACHMAN et al 2016,https://doi.org/10.1038/nmat4621
429,MMM,25wt_Ni2(dobdc),flat sheet,MOF/PI,25.0,,55.0,1.2,,,,308.0,,,1050000.0,,none,,1.0,0.0,,,1066.24206927226,,,,,,,,permeability,fig S5f,BACHMAN et al 2016,https://doi.org/10.1038/nmat4621
430,MMM,25wt_Ni2(dobdc),flat sheet,MOF/PI,25.0,,55.0,1.2,,,,308.0,,,1510000.0,,none,,1.0,0.0,,,1041.47409222834,,,,,,,,permeability,fig S5f,BACHMAN et al 2016,https://doi.org/10.1038/nmat4621
431,MMM,25wt_Ni2(dobdc),flat sheet,MOF/PI,25.0,,55.0,1.2,,,,308.0,,,2020000.0,,none,,1.0,0.0,,,1045.79619783089,,,,,,,,permeability,fig S5f,BACHMAN et al 2016,https://doi.org/10.1038/nmat4621
432,MMM,25wt_Ni2(dobdc),flat sheet,MOF/PI,25.0,,55.0,1.2,,,,308.0,,,2470000.0,,none,,1.0,0.0,,,1093.2883721423,,,,,,,,permeability,fig S5f,BACHMAN et al 2016,https://doi.org/10.1038/nmat4621
433,MMM,25wt_Ni2(dobdc),flat sheet,MOF/PI,25.0,,55.0,1.2,,,,308.0,,,3000000.0,,none,,1.0,0.0,,,1183.12692528431,,,133.409754759255,,,,,permeability,fig S5f,BACHMAN et al 2016,https://doi.org/10.1038/nmat4621
434,MMM,25wt_Ni2(dobdc),flat sheet,MOF/PI,25.0,,55.0,1.2,,,,308.0,,,3500000.0,,none,,1.0,0.0,,,1282.15259355065,,,128.860342296399,,,,,permeability,fig S5f,BACHMAN et al 2016,https://doi.org/10.1038/nmat4621
435,MMM,25wt_Ni2(dobdc),flat sheet,MOF/PI,25.0,,55.0,1.2,,,,308.0,,,3970000.0,,none,,1.0,0.0,,,1395.76219205953,,,,,,,,permeability,fig S5f,BACHMAN et al 2016,https://doi.org/10.1038/nmat4621
436,MMM,25wt_Ni2(dobdc),flat sheet,MOF/PI,25.0,,55.0,1.2,,,,308.0,,,4460000.0,,none,,1.0,0.0,,,1496.07370981985,,,,,,,,permeability,fig S5f,BACHMAN et al 2016,https://doi.org/10.1038/nmat4621
437,MMM,25wt_Ni2(dobdc),flat sheet,MOF/PI,25.0,,55.0,1.2,,,,308.0,,,4950000.0,,none,,1.0,0.0,,,1587.5051254332,,,,,,,,permeability,fig S5f,BACHMAN et al 2016,https://doi.org/10.1038/nmat4621
532,polymer,Pebax-1657,none,rubbery,0.0,,,,,,,298.0,500000.0,100000.0,400000.0,,none,,,0.0,,,57.3,,,,,4.21323529411765,,,permeability,table 3,EBADI R et al 2021,https://doi.org/10.1016/j.jngse.2021.103947
533,MMM,Pebax-1657/Si-CHA 5%,none,zeolite/PEBAX,5.0,,54.485,0.38,,,,298.0,500000.0,100000.0,400000.0,,none,,,0.0,,,88.09,,,,,4.57372793354102,,,permeability,table 3,EBADI R et al 2021,https://doi.org/10.1016/j.jngse.2021.103947
534,MMM,Pebax-1657/Si-CHA 10%,none,zeolite/PEBAX,10.0,,35.93,0.38,,,,298.0,500000.0,100000.0,400000.0,,none,,,0.0,,,116.11,,,,,4.98754295532646,,,permeability,table 3,EBADI R et al 2021,https://doi.org/10.1016/j.jngse.2021.103947
535,MMM,Pebax-1657/Si-CHA 15%,none,zeolite/PEBAX,15.0,,45.485,0.38,,,,298.0,500000.0,100000.0,400000.0,,none,,,0.0,,,124.19,,,,,9.33759398496241,,,permeability,table 3,EBADI R et al 2021,https://doi.org/10.1016/j.jngse.2021.103947
540,polymer,Pebax-1657,none,rubbery,0.0,,,,,,,298.0,300000.0,100000.0,200000.0,,none,,,0.0,,,45.8210645526613,,,,,3.80246913580251,,,permeability,fig 13a,EBADI R et al 2021,https://doi.org/10.1016/j.jngse.2021.103947
541,MMM,Pebax-1657/Si-CHA 5%,none,zeolite/PEBAX,5.0,,54.485,0.38,,,,298.0,300000.0,100000.0,200000.0,,none,,,0.0,,,53.1143827859569,,,,,4.07182940516277,,,permeability,fig 13a,EBADI R et al 2021,https://doi.org/10.1016/j.jngse.2021.103947
542,MMM,Pebax-1657/Si-CHA 10%,none,zeolite/PEBAX,10.0,,35.93,0.38,,,,298.0,300000.0,100000.0,200000.0,,none,,,0.0,,,71.6647791619478,,,,,6.99887766554436,,,permeability,fig 13a,EBADI R et al 2021,https://doi.org/10.1016/j.jngse.2021.103947
543,MMM,Pebax-1657/Si-CHA 15%,none,zeolite/PEBAX,15.0,,45.485,0.38,,,,298.0,300000.0,100000.0,200000.0,,none,,,0.0,,,75.9456398640996,,,,,8.93827160493829,,,permeability,fig 13a,EBADI R et al 2021,https://doi.org/10.1016/j.jngse.2021.103947
548,polymer,Pebax-1657,none,rubbery,0.0,,,,,,,298.0,700000.0,100000.0,600000.0,,none,,,0.0,,,80.7021517553794,,,,,4.26936026936031,,,permeability,fig 13a,EBADI R et al 2021,https://doi.org/10.1016/j.jngse.2021.103947
549,MMM,Pebax-1657/Si-CHA 5%,none,zeolite/PEBAX,5.0,,54.485,0.38,,,,298.0,700000.0,100000.0,600000.0,,none,,,0.0,,,97.5084937712344,,,,,6.26262626262629,,,permeability,fig 13a,EBADI R et al 2021,https://doi.org/10.1016/j.jngse.2021.103947
550,MMM,Pebax-1657/Si-CHA 10%,none,zeolite/PEBAX,10.0,,35.93,0.38,,,,298.0,700000.0,100000.0,600000.0,,none,,,0.0,,,129.377123442808,,,,,6.2446689113356,,,permeability,fig 13a,EBADI R et al 2021,https://doi.org/10.1016/j.jngse.2021.103947
551,MMM,Pebax-1657/Si-CHA 15%,none,zeolite/PEBAX,15.0,,45.485,0.38,,,,298.0,700000.0,100000.0,600000.0,,none,,,0.0,,,138.41449603624,,,,,10.0157126823793,,,permeability,fig 13a,EBADI R et al 2021,https://doi.org/10.1016/j.jngse.2021.103947
574,polymer,Matrimid5218,none,glassy,0.0,,,0.6499999999999999,,,,298.0,1000000.0,0.0,1000000.0,1000.0,Ar,,,0.0,,,7.225352,,,,,0.199301,,,permeability,fig 9,TARIQ AR et al 2020,https://doi.org/10.1016/j.arabjc.2020.10.021
575,MMM,Matrimid5218/MOF,none,MOF/glassy,10.0,,,0.6499999999999999,,,,298.0,1000000.0,0.0,1000000.0,1000.0,Ar,,,0.0,,,13.1831,,,,,0.317073,,,permeability,fig 9,TARIQ AR et al 2020,https://doi.org/10.1016/j.arabjc.2020.10.021
576,MMM,Matrimid5218/MOF,none,MOF/glassy,20.0,,,0.6499999999999999,,,,298.0,1000000.0,0.0,1000000.0,1000.0,Ar,,,0.0,,,18.33803,,,,,0.398165,,,permeability,fig 9,TARIQ AR et al 2020,https://doi.org/10.1016/j.arabjc.2020.10.021
577,MMM,Matrimid5218/MOF,none,MOF/glassy,30.0,,,0.6499999999999999,,,,298.0,1000000.0,0.0,1000000.0,1000.0,Ar,,,0.0,,,25.85915,,,,,0.451994,,,permeability,fig 9,TARIQ AR et al 2020,https://doi.org/10.1016/j.arabjc.2020.10.021
582,polymer,Matrimid5218,none,glassy,0.0,,,0.6499999999999999,,,,308.0,1000000.0,0.0,1000000.0,1000.0,Ar,,,0.0,,,7.909836066,,,,,0.227748728,,,permeability,fig 14 and 15,TARIQ AR et al 2020,https://doi.org/10.1016/j.arabjc.2020.10.021
583,polymer,Matrimid5218,none,glassy,0.0,,,0.6499999999999999,,,,318.0,1000000.0,0.0,1000000.0,1000.0,Ar,,,0.0,,,9.754098361,,,,,0.306622951,,,permeability,fig 14 and 15,TARIQ AR et al 2020,https://doi.org/10.1016/j.arabjc.2020.10.021
584,polymer,Matrimid5218,none,glassy,0.0,,,0.6499999999999999,,,,328.0,1000000.0,0.0,1000000.0,1000.0,Ar,,,0.0,,,11.2295082,,,,,0.374130248,,,permeability,fig 14 and 15,TARIQ AR et al 2020,https://doi.org/10.1016/j.arabjc.2020.10.021
585,polymer,Matrimid5218,none,glassy,0.0,,,0.6499999999999999,,,,338.0,1000000.0,0.0,1000000.0,1000.0,Ar,,,0.0,,,12.82786885,,,,,0.453387111,,,permeability,fig 14 and 15,TARIQ AR et al 2020,https://doi.org/10.1016/j.arabjc.2020.10.021
590,MMM,Matrimid5218/MOF,none,MOF/glassy,10.0,,,0.6499999999999999,,,,308.0,1000000.0,0.0,1000000.0,1000.0,Ar,,,0.0,,,13.97540984,,,,,0.344486117,,,permeability,fig 14 and 15,TARIQ AR et al 2020,https://doi.org/10.1016/j.arabjc.2020.10.021
591,MMM,Matrimid5218/MOF,none,MOF/glassy,10.0,,,0.6499999999999999,,,,318.0,1000000.0,0.0,1000000.0,1000.0,Ar,,,0.0,,,15.94262295,,,,,0.416816913,,,permeability,fig 14 and 15,TARIQ AR et al 2020,https://doi.org/10.1016/j.arabjc.2020.10.021
592,MMM,Matrimid5218/MOF,none,MOF/glassy,10.0,,,0.6499999999999999,,,,328.0,1000000.0,0.0,1000000.0,1000.0,Ar,,,0.0,,,18.68852459,,,,,0.519082513,,,permeability,fig 14 and 15,TARIQ AR et al 2020,https://doi.org/10.1016/j.arabjc.2020.10.021
593,MMM,Matrimid5218/MOF,none,MOF/glassy,10.0,,,0.6499999999999999,,,,338.0,1000000.0,0.0,1000000.0,1000.0,Ar,,,0.0,,,20.45081967,,,,,0.596556661,,,permeability,fig 14 and 15,TARIQ AR et al 2020,https://doi.org/10.1016/j.arabjc.2020.10.021
607,polymer,6FDA-DAM:DABA(3:2),none,glassy,0.0,,,,,,,303.0,,,690000.0,,none,,,0.0,,,143.9,,,,,4.2,,,permeability,table 4,AHMAD MZ et al 2021 / QIU W et al 2013,https://doi.org/10.1016/j.seppur.2020.117582
609,polymer,6FDA-DAM:DABA(3:2),none,glassy,0.0,,,,,,,303.0,,,100000.0,,none,,,0.0,,,134.0,,,,,3.5,,,permeability,table 4,AHMAD MZ et al 2021 / PARK S et al 2014,https://doi.org/10.1016/j.seppur.2020.117582
611,MMM,6FDA-DAM:DABA(3:2)/DMS,none,DMS/glassy,10.0,,,,,,,303.0,,,100000.0,,none,,,0.0,,,202.1,,,,,5.6,,,permeability,table 4,AHMAD MZ et al 2021 / PARK S et al 2014,https://doi.org/10.1016/j.seppur.2020.117582
613,MMM,6FDA-DAM:DABA(3:2)/DMS,none,DMS/glassy,20.0,,,,,,,303.0,,,100000.0,,none,,,0.0,,,365.0,,,,,11.1,,,permeability,table 4,AHMAD MZ et al 2021 / PARK S et al 2014,https://doi.org/10.1016/j.seppur.2020.117582
385,polymer,EtOH_25 treaded,none,PIM-1,0.0,,110.0,,,759.0,2.14,298.0,,,100000.0,,none,,,63.37847,,,,1121.251,,,,,,,permeability,fig 2,BERNARDO P et al 2017,http://dx.doi.org/10.1016/j.polymer.2016.10.040
386,polymer,EtOH_25 treaded,none,PIM-1,0.0,,110.0,,,759.0,2.14,298.0,,,100000.0,,none,,,576.9857,,,,697.3034,,,,,,,permeability,fig 2,BERNARDO P et al 2017,http://dx.doi.org/10.1016/j.polymer.2016.10.040
389,polymer,EtOH_75 treaded,none,PIM-1,0.0,,110.9054,,,759.0,2.14,298.0,,,100000.0,,none,,,133.1287,,,,757.2046,,,,,,,permeability,fig 2,BERNARDO P et al 2017,http://dx.doi.org/10.1016/j.polymer.2016.10.040
391,polymer,EtOH_125 treaded,none,PIM-1,0.0,,132.508,,,759.0,2.14,298.0,,,100000.0,,none,,,29.11238,,,,850.8013,,,,,,,permeability,fig 2,BERNARDO P et al 2017,http://dx.doi.org/10.1016/j.polymer.2016.10.040
392,polymer,EtOH_125 treaded,none,PIM-1,0.0,,132.508,,,759.0,2.14,298.0,,,100000.0,,none,,,188.681,,,,741.7683,,,,,,,permeability,fig 2,BERNARDO P et al 2017,http://dx.doi.org/10.1016/j.polymer.2016.10.040
109,zeolite,O3at473K, alfa-alumina tubes,SSZ-13,0.0,,1.2,0.38,0.27,624.0,,323.0,303000.0,103000.0,200000.0,4.0,none,,,0.0,,,,,,2276.36692088235,,180.175760147059,,,permeance,fig 8a,LI Y et al 2021,https://doi.org/10.1016/j.memsci.2021.119349
110,zeolite,O3at473K, alfa-alumina tubes,SSZ-13,0.0,,1.2,0.38,0.27,624.0,,348.0,303000.0,103000.0,200000.0,4.0,none,,,0.0,,,,,,1819.33572441176,,171.38669867647,,,permeance,fig 8a,LI Y et al 2021,https://doi.org/10.1016/j.memsci.2021.119349
111,zeolite,O3at473K, alfa-alumina tubes,SSZ-13,0.0,,1.2,0.38,0.27,624.0,,373.0,303000.0,103000.0,200000.0,4.0,none,,,0.0,,,,,,1476.56232705882,,166.992167941177,,,permeance,fig 8a,LI Y et al 2021,https://doi.org/10.1016/j.memsci.2021.119349
112,zeolite,O3at473K, alfa-alumina tubes,SSZ-13,0.0,,1.2,0.38,0.27,624.0,,398.0,303000.0,103000.0,200000.0,4.0,none,,,0.0,,,,,,1190.91782926471,,162.597637205882,,,permeance,fig 8a,LI Y et al 2021,https://doi.org/10.1016/j.memsci.2021.119349
118,zeolite,O3at473K, alfa-alumina tubes,SSZ-13,0.0,,1.2,0.38,0.27,624.0,,298.0,503000.0,103000.0,400000.0,4.0,none,,,0.0,,,,,,2818.67576783784,,197.872654189187,,,permeance,fig 8b,LI Y et al 2021,https://doi.org/10.1016/j.memsci.2021.119349
119,zeolite,O3at473K, alfa-alumina tubes,SSZ-13,0.0,,1.2,0.38,0.27,624.0,,298.0,703000.0,103000.0,600000.0,4.0,none,,,0.0,,,,,,2798.48468067567,,197.872654189186,,,permeance,fig 8b,LI Y et al 2021,https://doi.org/10.1016/j.memsci.2021.119349
120,zeolite,O3at473K, alfa-alumina tubes,SSZ-13,0.0,,1.2,0.38,0.27,624.0,,298.0,903000.0,103000.0,800000.0,4.0,none,,,0.0,,,,,,2766.17894121621,,197.872654189188,,,permeance,fig 8b,LI Y et al 2021,https://doi.org/10.1016/j.memsci.2021.119349
121,zeolite,O3at473K, alfa-alumina tubes,SSZ-13,0.0,,1.2,0.38,0.27,624.0,,298.0,1103000.0,103000.0,1000000.0,4.0,none,,,0.0,,,,,,2725.79676689189,,205.949089054054,,,permeance,fig 8b,LI Y et al 2021,https://doi.org/10.1016/j.memsci.2021.119349
369,polymer,untreated,none,PIM-1,0.0,,90.0,,,685.0,2.14,298.0,,,100000.0,,none,,,4.015134,,,,,,198.7099,,,,,permeability,fig 2,BERNARDO P et al 2017,http://dx.doi.org/10.1016/j.polymer.2016.10.040
370,polymer,untreated,none,PIM-1,0.0,,90.0,,,685.0,2.14,298.0,,,100000.0,,none,,,37.79288,,,,,,186.2214,,,,,permeability,fig 2,BERNARDO P et al 2017,http://dx.doi.org/10.1016/j.polymer.2016.10.040
371,polymer,untreated,none,PIM-1,0.0,,90.0,,,685.0,2.14,298.0,,,100000.0,,none,,,248.4999,,,,,,144.623,,,,,permeability,fig 2,BERNARDO P et al 2017,http://dx.doi.org/10.1016/j.polymer.2016.10.040
372,polymer,EtOH_25 treaded,none,PIM-1,0.0,,110.0,,,759.0,2.14,298.0,,,100000.0,,none,,,7.001323,,,,,,506.6963,,,,,permeability,fig 2,BERNARDO P et al 2017,http://dx.doi.org/10.1016/j.polymer.2016.10.040
373,polymer,EtOH_25 treaded,none,PIM-1,0.0,,110.0,,,759.0,2.14,298.0,,,100000.0,,none,,,63.01091,,,,,,285.4234,,,,,permeability,fig 2,BERNARDO P et al 2017,http://dx.doi.org/10.1016/j.polymer.2016.10.040
374,polymer,EtOH_25 treaded,none,PIM-1,0.0,,110.0,,,759.0,2.14,298.0,,,100000.0,,none,,,346.2863,,,,,,162.992,,,,,permeability,fig 2,BERNARDO P et al 2017,http://dx.doi.org/10.1016/j.polymer.2016.10.040
375,polymer,EtOH_75 treaded,none,PIM-1,0.0,,110.9054,,,759.0,2.14,298.0,,,100000.0,,none,,,2.779788,,,,,,440.4706,,,,,permeability,fig 2,BERNARDO P et al 2017,http://dx.doi.org/10.1016/j.polymer.2016.10.040
376,polymer,EtOH_75 treaded,none,PIM-1,0.0,,110.9054,,,759.0,2.14,298.0,,,100000.0,,none,,,64.1513,,,,,,215.6889,,,,,permeability,fig 2,BERNARDO P et al 2017,http://dx.doi.org/10.1016/j.polymer.2016.10.040
377,polymer,EtOH_75 treaded,none,PIM-1,0.0,,110.9054,,,759.0,2.14,298.0,,,100000.0,,none,,,186.5054,,,,,,170.977,,,,,permeability,fig 2,BERNARDO P et al 2017,http://dx.doi.org/10.1016/j.polymer.2016.10.040
378,polymer,EtOH_125 treaded,none,PIM-1,0.0,,132.508,,,759.0,2.14,298.0,,,100000.0,,none,,,4.015134,,,,,,318.3958,,,,,permeability,fig 2,BERNARDO P et al 2017,http://dx.doi.org/10.1016/j.polymer.2016.10.040
379,polymer,EtOH_125 treaded,none,PIM-1,0.0,,132.508,,,759.0,2.14,298.0,,,100000.0,,none,,,64.1513,,,,,,242.2551,,,,,permeability,fig 2,BERNARDO P et al 2017,http://dx.doi.org/10.1016/j.polymer.2016.10.040
380,polymer,EtOH_125 treaded,none,PIM-1,0.0,,132.508,,,759.0,2.14,298.0,,,100000.0,,none,,,188.1855,,,,,,212.0359,,,,,permeability,fig 2,BERNARDO P et al 2017,http://dx.doi.org/10.1016/j.polymer.2016.10.040
438,polymer,6FDA-DAM,flat sheet,PI,0.0,,55.0,1.2,,,,308.0,,,90000.0,,none,,1.0,0.0,,,,,,64.9623635008465,,,,,permeability,fig S5a,BACHMAN et al 2016,https://doi.org/10.1038/nmat4621
439,polymer,6FDA-DAM,flat sheet,PI,0.0,,55.0,1.2,,,,308.0,,,470000.0,,none,,1.0,0.0,,,,,,62.2607391950835,,47.9526435020941,,,permeability,fig S5a,BACHMAN et al 2016,https://doi.org/10.1038/nmat4621
440,polymer,6FDA-DAM,flat sheet,PI,0.0,,55.0,1.2,,,,308.0,,,960000.0,,none,,1.0,0.0,,,,,,59.1709482352197,,44.8042142714469,,,permeability,fig S5a,BACHMAN et al 2016,https://doi.org/10.1038/nmat4621
441,polymer,6FDA-DAM,flat sheet,PI,0.0,,55.0,1.2,,,,308.0,,,1450000.0,,none,,1.0,0.0,,,,,,57.1810550952797,,42.8801071186309,,,permeability,fig S5a,BACHMAN et al 2016,https://doi.org/10.1038/nmat4621
442,polymer,6FDA-DAM,flat sheet,PI,0.0,,55.0,1.2,,,,308.0,,,1950000.0,,none,,1.0,0.0,,,,,,55.9461297710459,,,,,permeability,fig S5a,BACHMAN et al 2016,https://doi.org/10.1038/nmat4621
444,polymer,6FDA-DAM,flat sheet,PI,0.0,,55.0,1.2,,,,308.0,,,2910000.0,,none,,1.0,0.0,,,,,,53.7657532727803,,,,,permeability,fig S5a,BACHMAN et al 2016,https://doi.org/10.1038/nmat4621
445,polymer,6FDA-DAM,flat sheet,PI,0.0,,55.0,1.2,,,,308.0,,,3410000.0,,none,,1.0,0.0,,,,,,52.7804369204784,,37.6082583421013,,,permeability,fig S5a,BACHMAN et al 2016,https://doi.org/10.1038/nmat4621
446,polymer,6FDA-DAM,flat sheet,PI,0.0,,55.0,1.2,,,,308.0,,,3890000.0,,none,,1.0,0.0,,,,,,51.9225915100208,,,,,permeability,fig S5a,BACHMAN et al 2016,https://doi.org/10.1038/nmat4621
447,polymer,6FDA-DAM,flat sheet,PI,0.0,,55.0,1.2,,,,308.0,,,4320000.0,,none,,1.0,0.0,,,,,,51.272400266865,,,,,permeability,fig S5a,BACHMAN et al 2016,https://doi.org/10.1038/nmat4621
448,polymer,6FDA-DAM,flat sheet,PI,0.0,,55.0,1.2,,,,308.0,,,4880000.0,,none,,1.0,0.0,,,,,,49.9658174965865,,,,,permeability,fig S5a,BACHMAN et al 2016,https://doi.org/10.1038/nmat4621
449,polymer,6FDA-DAM,flat sheet,PI,0.0,,55.0,1.2,,,,308.0,,,5360000.0,,none,,1.0,0.0,,,,,,49.3401488292293,,,,,permeability,fig S5a,BACHMAN et al 2016,https://doi.org/10.1038/nmat4621
450,polymer,6FDA-DAM,flat sheet,PI,0.0,,55.0,1.2,,,,308.0,,,5860000.0,,none,,1.0,0.0,,,,,,48.8885303500352,,,,,permeability,fig S5a,BACHMAN et al 2016,https://doi.org/10.1038/nmat4621
451,polymer,6FDA-DAM,flat sheet,PI,0.0,,55.0,1.2,,,,308.0,,,6330000.0,,none,,1.0,0.0,,,,,,47.9388031840728,,,,,permeability,fig S5a,BACHMAN et al 2016,https://doi.org/10.1038/nmat4621
452,MMM,6wt_Ni2(dobdc),flat sheet,MOF/PI,6.0,,55.0,1.2,,,,308.0,,,100000.0,,none,,1.0,0.0,,,,,,75.6143928214666,,90.5991499282908,,,permeability,fig S5d,BACHMAN et al 2016,https://doi.org/10.1038/nmat4621
456,MMM,6wt_Ni2(dobdc),flat sheet,MOF/PI,6.0,,55.0,1.2,,,,308.0,,,1940000.0,,none,,1.0,0.0,,,,,,64.5444823381227,,63.8031119234229,,,permeability,fig S5d,BACHMAN et al 2016,https://doi.org/10.1038/nmat4621
457,MMM,6wt_Ni2(dobdc),flat sheet,MOF/PI,6.0,,55.0,1.2,,,,308.0,,,2440000.0,,none,,1.0,0.0,,,,,,62.7497361574255,,,,,permeability,fig S5d,BACHMAN et al 2016,https://doi.org/10.1038/nmat4621
458,MMM,6wt_Ni2(dobdc),flat sheet,MOF/PI,6.0,,55.0,1.2,,,,308.0,,,2930000.0,,none,,1.0,0.0,,,,,,59.2725414835898,,60.1358322304941,,,permeability,fig S5d,BACHMAN et al 2016,https://doi.org/10.1038/nmat4621
460,MMM,6wt_Ni2(dobdc),flat sheet,MOF/PI,6.0,,55.0,1.2,,,,308.0,,,3960000.0,,none,,1.0,0.0,,,,,,59.483843891373,,,,,permeability,fig S5d,BACHMAN et al 2016,https://doi.org/10.1038/nmat4621
461,MMM,6wt_Ni2(dobdc),flat sheet,MOF/PI,6.0,,55.0,1.2,,,,308.0,,,4410000.0,,none,,1.0,0.0,,,,,,59.0734415747587,,,,,permeability,fig S5d,BACHMAN et al 2016,https://doi.org/10.1038/nmat4621
462,MMM,6wt_Ni2(dobdc),flat sheet,MOF/PI,6.0,,55.0,1.2,,,,308.0,,,4890000.0,,none,,1.0,0.0,,,,,,57.9757181075633,,,,,permeability,fig S5d,BACHMAN et al 2016,https://doi.org/10.1038/nmat4621
463,MMM,6wt_Ni2(dobdc),flat sheet,MOF/PI,6.0,,55.0,1.2,,,,308.0,,,5360000.0,,none,,1.0,0.0,,,,,,56.8882665148392,,,,,permeability,fig S5d,BACHMAN et al 2016,https://doi.org/10.1038/nmat4621
464,MMM,6wt_Ni2(dobdc),flat sheet,MOF/PI,6.0,,55.0,1.2,,,,308.0,,,5860000.0,,none,,1.0,0.0,,,,,,56.0128504195012,,,,,permeability,fig S5d,BACHMAN et al 2016,https://doi.org/10.1038/nmat4621
465,MMM,6wt_Ni2(dobdc),flat sheet,MOF/PI,6.0,,55.0,1.2,,,,308.0,,,6350000.0,,none,,1.0,0.0,,,,,,55.1529297528228,,,,,permeability,fig S5d,BACHMAN et al 2016,https://doi.org/10.1038/nmat4621
466,MMM,25wt_Ni2(dobdc),flat sheet,MOF/PI,25.0,,55.0,1.2,,,,308.0,,,540000.0,,none,,1.0,0.0,,,,,,229.74079948599,,,,,permeability,fig S5e,BACHMAN et al 2016,https://doi.org/10.1038/nmat4621
467,MMM,25wt_Ni2(dobdc),flat sheet,MOF/PI,25.0,,55.0,1.2,,,,308.0,,,1070000.0,,none,,1.0,0.0,,,,,,177.336188322779,,,,,permeability,fig S5e,BACHMAN et al 2016,https://doi.org/10.1038/nmat4621
468,MMM,25wt_Ni2(dobdc),flat sheet,MOF/PI,25.0,,55.0,1.2,,,,308.0,,,1540000.0,,none,,1.0,0.0,,,,,,157.579840807438,,,,,permeability,fig S5e,BACHMAN et al 2016,https://doi.org/10.1038/nmat4621
469,MMM,25wt_Ni2(dobdc),flat sheet,MOF/PI,25.0,,55.0,1.2,,,,308.0,,,2040000.0,,none,,1.0,0.0,,,,,,146.434194974584,,,,,permeability,fig S5e,BACHMAN et al 2016,https://doi.org/10.1038/nmat4621
470,MMM,25wt_Ni2(dobdc),flat sheet,MOF/PI,25.0,,55.0,1.2,,,,308.0,,,2540000.0,,none,,1.0,0.0,,,,,,139.474451888971,,,,,permeability,fig S5e,BACHMAN et al 2016,https://doi.org/10.1038/nmat4621
473,MMM,25wt_Ni2(dobdc),flat sheet,MOF/PI,25.0,,55.0,1.2,,,,308.0,,,4040000.0,,none,,1.0,0.0,,,,,,125.189820730174,,,,,permeability,fig S5e,BACHMAN et al 2016,https://doi.org/10.1038/nmat4621
474,MMM,25wt_Ni2(dobdc),flat sheet,MOF/PI,25.0,,55.0,1.2,,,,308.0,,,4520000.0,,none,,1.0,0.0,,,,,,121.601596808278,,,,,permeability,fig S5e,BACHMAN et al 2016,https://doi.org/10.1038/nmat4621
475,MMM,25wt_Ni2(dobdc),flat sheet,MOF/PI,25.0,,55.0,1.2,,,,308.0,,,5030000.0,,none,,1.0,0.0,,,,,,118.887769981356,,,,,permeability,fig S5e,BACHMAN et al 2016,https://doi.org/10.1038/nmat4621
476,MMM,25wt_Ni2(dobdc),flat sheet,MOF/PI,25.0,,55.0,1.2,,,,308.0,,,5490000.0,,none,,1.0,0.0,,,,,,116.250287519273,,,,,permeability,fig S5e,BACHMAN et al 2016,https://doi.org/10.1038/nmat4621
477,MMM,25wt_Ni2(dobdc),flat sheet,MOF/PI,25.0,,55.0,1.2,,,,308.0,,,5970000.0,,none,,1.0,0.0,,,,,,113.025336761905,,,,,permeability,fig S5e,BACHMAN et al 2016,https://doi.org/10.1038/nmat4621
321,polymer,untreated,none,PIM-1,0.0,,90.0,,,685.0,2.14,298.0,,,100000.0,,none,,,4.040304,,,,,,,,305.6069,,,permeability,fig 2,BERNARDO P et al 2017,http://dx.doi.org/10.1016/j.polymer.2016.10.040
322,polymer,untreated,none,PIM-1,0.0,,90.0,,,685.0,2.14,298.0,,,100000.0,,none,,,37.86442,,,,,,,,268.4005,,,permeability,fig 2,BERNARDO P et al 2017,http://dx.doi.org/10.1016/j.polymer.2016.10.040
323,polymer,untreated,none,PIM-1,0.0,,90.0,,,685.0,2.14,298.0,,,100000.0,,none,,,191.3494,,,,,,,,207.0255,,,permeability,fig 2,BERNARDO P et al 2017,http://dx.doi.org/10.1016/j.polymer.2016.10.040
324,polymer,EtOH_25 treaded,none,PIM-1,0.0,,110.0,,,759.0,2.14,298.0,,,100000.0,,none,,,6.974891,,,,,,,,710.6112,,,permeability,fig 2,BERNARDO P et al 2017,http://dx.doi.org/10.1016/j.polymer.2016.10.040
325,polymer,EtOH_25 treaded,none,PIM-1,0.0,,110.0,,,759.0,2.14,298.0,,,100000.0,,none,,,63.0675,,,,,,,,403.0336,,,permeability,fig 2,BERNARDO P et al 2017,http://dx.doi.org/10.1016/j.polymer.2016.10.040
326,polymer,EtOH_25 treaded,none,PIM-1,0.0,,110.0,,,759.0,2.14,298.0,,,100000.0,,none,,,345.4513,,,,,,,,211.3128,,,permeability,fig 2,BERNARDO P et al 2017,http://dx.doi.org/10.1016/j.polymer.2016.10.040
327,polymer,EtOH_75 treaded,none,PIM-1,0.0,,110.9054,,,759.0,2.14,298.0,,,100000.0,,none,,,2.799213,,,,,,,,501.5298,,,permeability,fig 2,BERNARDO P et al 2017,http://dx.doi.org/10.1016/j.polymer.2016.10.040
328,polymer,EtOH_75 treaded,none,PIM-1,0.0,,110.9054,,,759.0,2.14,298.0,,,100000.0,,none,,,27.43403,,,,,,,,362.5327,,,permeability,fig 2,BERNARDO P et al 2017,http://dx.doi.org/10.1016/j.polymer.2016.10.040
329,polymer,EtOH_75 treaded,none,PIM-1,0.0,,110.9054,,,759.0,2.14,298.0,,,100000.0,,none,,,186.2796,,,,,,,,233.3203,,,permeability,fig 2,BERNARDO P et al 2017,http://dx.doi.org/10.1016/j.polymer.2016.10.040
330,polymer,EtOH_125 treaded,none,PIM-1,0.0,,132.508,,,759.0,2.14,298.0,,,100000.0,,none,,,4.040304,,,,,,,,522.5176,,,permeability,fig 2,BERNARDO P et al 2017,http://dx.doi.org/10.1016/j.polymer.2016.10.040
331,polymer,EtOH_125 treaded,none,PIM-1,0.0,,132.508,,,759.0,2.14,298.0,,,100000.0,,none,,,28.94764,,,,,,,,417.0403,,,permeability,fig 2,BERNARDO P et al 2017,http://dx.doi.org/10.1016/j.polymer.2016.10.040
332,polymer,EtOH_125 treaded,none,PIM-1,0.0,,132.508,,,759.0,2.14,298.0,,,100000.0,,none,,,187.9544,,,,,,,,310.872,,,permeability,fig 2,BERNARDO P et al 2017,http://dx.doi.org/10.1016/j.polymer.2016.10.040
478,polymer,6FDA-DAM,flat sheet,PI,0.0,,55.0,1.2,,,,308.0,,,80000.0,,none,,1.0,0.0,,,,,,,,55.4325023368438,,,permeability,fig S5a,BACHMAN et al 2016,https://doi.org/10.1038/nmat4621
484,polymer,6FDA-DAM,flat sheet,PI,0.0,,55.0,1.2,,,,308.0,,,2920000.0,,none,,1.0,0.0,,,,,,,,38.6979194566349,,,permeability,fig S5a,BACHMAN et al 2016,https://doi.org/10.1038/nmat4621
487,polymer,6FDA-DAM,flat sheet,PI,0.0,,55.0,1.2,,,,308.0,,,4380000.0,,none,,1.0,0.0,,,,,,,,35.9577848082415,,,permeability,fig S5a,BACHMAN et al 2016,https://doi.org/10.1038/nmat4621
489,polymer,6FDA-DAM,flat sheet,PI,0.0,,55.0,1.2,,,,308.0,,,5350000.0,,none,,1.0,0.0,,,,,,,,34.7239949377618,,,permeability,fig S5a,BACHMAN et al 2016,https://doi.org/10.1038/nmat4621
490,polymer,6FDA-DAM,flat sheet,PI,0.0,,55.0,1.2,,,,308.0,,,5840000.0,,none,,1.0,0.0,,,,,,,,34.0983568409283,,,permeability,fig S5a,BACHMAN et al 2016,https://doi.org/10.1038/nmat4621
491,polymer,6FDA-DAM,flat sheet,PI,0.0,,55.0,1.2,,,,308.0,,,6340000.0,,none,,1.0,0.0,,,,,,,,33.4834674258271,,,permeability,fig S5a,BACHMAN et al 2016,https://doi.org/10.1038/nmat4621
493,MMM,6wt_Ni2(dobdc),flat sheet,MOF/PI,6.0,,55.0,1.2,,,,308.0,,,470000.0,,none,,1.0,0.0,,,,,,,,78.8080155080023,,,permeability,fig S5d,BACHMAN et al 2016,https://doi.org/10.1038/nmat4621
494,MMM,6wt_Ni2(dobdc),flat sheet,MOF/PI,6.0,,55.0,1.2,,,,308.0,,,980000.0,,none,,1.0,0.0,,,,,,,,71.9160670249002,,,permeability,fig S5d,BACHMAN et al 2016,https://doi.org/10.1038/nmat4621
497,MMM,6wt_Ni2(dobdc),flat sheet,MOF/PI,6.0,,55.0,1.2,,,,308.0,,,2430000.0,,none,,1.0,0.0,,,,,,,,61.1924926131218,,,permeability,fig S5d,BACHMAN et al 2016,https://doi.org/10.1038/nmat4621
499,MMM,6wt_Ni2(dobdc),flat sheet,MOF/PI,6.0,,55.0,1.2,,,,308.0,,,3430000.0,,none,,1.0,0.0,,,,,,,,58.7137623396898,,,permeability,fig S5d,BACHMAN et al 2016,https://doi.org/10.1038/nmat4621
501,MMM,6wt_Ni2(dobdc),flat sheet,MOF/PI,6.0,,55.0,1.2,,,,308.0,,,4400000.0,,none,,1.0,0.0,,,,,,,,56.1390333408251,,,permeability,fig S5d,BACHMAN et al 2016,https://doi.org/10.1038/nmat4621
503,MMM,6wt_Ni2(dobdc),flat sheet,MOF/PI,6.0,,55.0,1.2,,,,308.0,,,5350000.0,,none,,1.0,0.0,,,,,,,,54.1755696979397,,,permeability,fig S5d,BACHMAN et al 2016,https://doi.org/10.1038/nmat4621
504,MMM,6wt_Ni2(dobdc),flat sheet,MOF/PI,6.0,,55.0,1.2,,,,308.0,,,5840000.0,,none,,1.0,0.0,,,,,,,,53.4715657693676,,,permeability,fig S5d,BACHMAN et al 2016,https://doi.org/10.1038/nmat4621
505,MMM,6wt_Ni2(dobdc),flat sheet,MOF/PI,6.0,,55.0,1.2,,,,308.0,,,6340000.0,,none,,1.0,0.0,,,,,,,,53.0756308050454,,,permeability,fig S5d,BACHMAN et al 2016,https://doi.org/10.1038/nmat4621
506,MMM,25wt_Ni2(dobdc),flat sheet,MOF/PI,25.0,,55.0,1.2,,,,308.0,,,70000.0,,none,,1.0,0.0,,,,,,,,382.162388129708,,,permeability,fig S5e,BACHMAN et al 2016,https://doi.org/10.1038/nmat4621
507,MMM,25wt_Ni2(dobdc),flat sheet,MOF/PI,25.0,,55.0,1.2,,,,308.0,,,480000.0,,none,,1.0,0.0,,,,,,,,330.66113753699,,,permeability,fig S5e,BACHMAN et al 2016,https://doi.org/10.1038/nmat4621
508,MMM,25wt_Ni2(dobdc),flat sheet,MOF/PI,25.0,,55.0,1.2,,,,308.0,,,990000.0,,none,,1.0,0.0,,,,,,,,285.452272069117,,,permeability,fig S5e,BACHMAN et al 2016,https://doi.org/10.1038/nmat4621
509,MMM,25wt_Ni2(dobdc),flat sheet,MOF/PI,25.0,,55.0,1.2,,,,308.0,,,1470000.0,,none,,1.0,0.0,,,,,,,,257.858516926765,,,permeability,fig S5e,BACHMAN et al 2016,https://doi.org/10.1038/nmat4621
510,MMM,25wt_Ni2(dobdc),flat sheet,MOF/PI,25.0,,55.0,1.2,,,,308.0,,,1980000.0,,none,,1.0,0.0,,,,,,,,229.635548512419,,,permeability,fig S5e,BACHMAN et al 2016,https://doi.org/10.1038/nmat4621
511,MMM,25wt_Ni2(dobdc),flat sheet,MOF/PI,25.0,,55.0,1.2,,,,308.0,,,2460000.0,,none,,1.0,0.0,,,,,,,,206.708594077064,,,permeability,fig S5e,BACHMAN et al 2016,https://doi.org/10.1038/nmat4621
512,MMM,25wt_Ni2(dobdc),flat sheet,MOF/PI,25.0,,55.0,1.2,,,,308.0,,,2950000.0,,none,,1.0,0.0,,,,,,,,190.220003656186,,,permeability,fig S5e,BACHMAN et al 2016,https://doi.org/10.1038/nmat4621
513,MMM,25wt_Ni2(dobdc),flat sheet,MOF/PI,25.0,,55.0,1.2,,,,308.0,,,3470000.0,,none,,1.0,0.0,,,,,,,,177.885692011042,,,permeability,fig S5e,BACHMAN et al 2016,https://doi.org/10.1038/nmat4621
514,MMM,25wt_Ni2(dobdc),flat sheet,MOF/PI,25.0,,55.0,1.2,,,,308.0,,,3950000.0,,none,,1.0,0.0,,,,,,,,169.528930082919,,,permeability,fig S5e,BACHMAN et al 2016,https://doi.org/10.1038/nmat4621
515,MMM,25wt_Ni2(dobdc),flat sheet,MOF/PI,25.0,,55.0,1.2,,,,308.0,,,4440000.0,,none,,1.0,0.0,,,,,,,,162.11009787808,,,permeability,fig S5e,BACHMAN et al 2016,https://doi.org/10.1038/nmat4621
516,MMM,25wt_Ni2(dobdc),flat sheet,MOF/PI,25.0,,55.0,1.2,,,,308.0,,,4930000.0,,none,,1.0,0.0,,,,,,,,154.664074340153,,,permeability,fig S5e,BACHMAN et al 2016,https://doi.org/10.1038/nmat4621
517,MMM,25wt_Ni2(dobdc),flat sheet,MOF/PI,25.0,,55.0,1.2,,,,308.0,,,5430000.0,,none,,1.0,0.0,,,,,,,,148.332482081529,,,permeability,fig S5e,BACHMAN et al 2016,https://doi.org/10.1038/nmat4621
518,MMM,25wt_Ni2(dobdc),flat sheet,MOF/PI,25.0,,55.0,1.2,,,,308.0,,,5920000.0,,none,,1.0,0.0,,,,,,,,143.100296613308,,,permeability,fig S5e,BACHMAN et al 2016,https://doi.org/10.1038/nmat4621
519,MMM,25wt_Ni2(dobdc),flat sheet,MOF/PI,25.0,,55.0,1.2,,,,308.0,,,6120000.0,,none,,1.0,0.0,,,,,,,,140.236218235592,,,permeability,fig S5e,BACHMAN et al 2016,https://doi.org/10.1038/nmat4621
